seed,policy,query_number,candidate_index,observed_usable_success_q25,best_so_far_usable_success_q25
1701,catalog,1,0,0.06695278072811942,0.06695278072811942
1701,random,1,0,0.06695278072811942,0.06695278072811942
1701,random,2,23,0.05254867050122668,0.06695278072811942
1701,random,3,54,0.05749738284602428,0.06695278072811942
1701,random,4,90,0.07486021860230081,0.07486021860230081
1701,random,5,118,0.06096915441415187,0.07486021860230081
1701,random,6,58,0.06679638680366291,0.07486021860230081
1701,random,7,102,0.07116345640371552,0.07486021860230081
1701,random,8,34,0.058850739137918884,0.07486021860230081
1701,random,9,37,0.05655806387305684,0.07486021860230081
1701,random,10,109,0.0695162575603064,0.07486021860230081
1701,random,11,45,0.058678469878882374,0.07486021860230081
1701,random,12,91,0.0701531344321287,0.07486021860230081
1701,random,13,53,0.06774982688058968,0.07486021860230081
1701,random,14,66,0.06494500306804565,0.07486021860230081
1701,random,15,69,0.07029719677090683,0.07486021860230081
1701,random,16,6,0.0682134056865573,0.07486021860230081
1701,random,17,16,0.066721786974794,0.07486021860230081
1701,random,18,35,0.07365765079288647,0.07486021860230081
1701,random,19,86,0.06027724762477951,0.07486021860230081
1701,random,20,111,0.0647278693579267,0.07486021860230081
1701,random,21,3,0.05443148217144203,0.07486021860230081
1701,random,22,100,0.05619519528772276,0.07486021860230081
1701,random,23,77,0.0589017049165477,0.07486021860230081
1701,random,24,28,0.06628722126355963,0.07486021860230081
1701,random,25,31,0.0625022086412389,0.07486021860230081
1701,random,26,98,0.07606358666036811,0.07606358666036811
1701,random,27,39,0.06203619371544166,0.07606358666036811
1701,random,28,112,0.06844464127047867,0.07606358666036811
1701,random,29,113,0.06457580245847916,0.07606358666036811
1701,random,30,36,0.0725051766342231,0.07606358666036811
1701,random,31,85,0.055446761283624905,0.07606358666036811
1701,random,32,82,0.05917878408457795,0.07606358666036811
1701,greedy,1,0,0.06695278072811942,0.06695278072811942
1701,greedy,2,23,0.05254867050122668,0.06695278072811942
1701,greedy,3,54,0.05749738284602428,0.06695278072811942
1701,greedy,4,90,0.07486021860230081,0.07486021860230081
1701,greedy,5,12,0.07592245150961738,0.07592245150961738
1701,greedy,6,89,0.06690485539341301,0.07592245150961738
1701,greedy,7,4,0.07368133661552434,0.07592245150961738
1701,greedy,8,55,0.07129893507601819,0.07592245150961738
1701,greedy,9,28,0.06628722126355963,0.07592245150961738
1701,greedy,10,72,0.07506074158744705,0.07592245150961738
1701,greedy,11,69,0.07029719677090683,0.07592245150961738
1701,greedy,12,2,0.06813056649630427,0.07592245150961738
1701,greedy,13,79,0.07088005386017251,0.07592245150961738
1701,greedy,14,92,0.06734448507701206,0.07592245150961738
1701,greedy,15,67,0.06818560983304653,0.07592245150961738
1701,greedy,16,75,0.06828776408809259,0.07592245150961738
1701,greedy,17,14,0.06372485280990936,0.07592245150961738
1701,greedy,18,119,0.0760041751182131,0.0760041751182131
1701,greedy,19,98,0.07606358666036811,0.07606358666036811
1701,greedy,20,101,0.07147328841992666,0.07606358666036811
1701,greedy,21,53,0.06774982688058968,0.07606358666036811
1701,greedy,22,63,0.06284080239485432,0.07606358666036811
1701,greedy,23,112,0.06844464127047867,0.07606358666036811
1701,greedy,24,49,0.07363865581864575,0.07606358666036811
1701,greedy,25,6,0.0682134056865573,0.07606358666036811
1701,greedy,26,51,0.06709566152402881,0.07606358666036811
1701,greedy,27,68,0.06553026233695255,0.07606358666036811
1701,greedy,28,10,0.07124871348088534,0.07606358666036811
1701,greedy,29,36,0.0725051766342231,0.07606358666036811
1701,greedy,30,42,0.06566490309841343,0.07606358666036811
1701,greedy,31,117,0.07414420607969464,0.07606358666036811
1701,greedy,32,9,0.07063059393399373,0.07606358666036811
1701,bads,1,0,0.06695278072811942,0.06695278072811942
1701,bads,2,23,0.05254867050122668,0.06695278072811942
1701,bads,3,54,0.05749738284602428,0.06695278072811942
1701,bads,4,90,0.07486021860230081,0.07486021860230081
1701,bads,5,21,0.0724065323118384,0.07486021860230081
1701,bads,6,74,0.06890790860117871,0.07486021860230081
1701,bads,7,55,0.07129893507601819,0.07486021860230081
1701,bads,8,48,0.07105074718616394,0.07486021860230081
1701,bads,9,71,0.06877779928356947,0.07486021860230081
1701,bads,10,17,0.07378647085497893,0.07486021860230081
1701,bads,11,59,0.06795504722649562,0.07486021860230081
1701,bads,12,19,0.06862549187482819,0.07486021860230081
1701,bads,13,101,0.07147328841992666,0.07486021860230081
1701,bads,14,49,0.07363865581864575,0.07486021860230081
1701,bads,15,43,0.07403423273679408,0.07486021860230081
1701,bads,16,108,0.06355883690980249,0.07486021860230081
1701,bads,17,119,0.0760041751182131,0.0760041751182131
1701,bads,18,12,0.07592245150961738,0.0760041751182131
1701,bads,19,98,0.07606358666036811,0.07606358666036811
1701,bads,20,9,0.07063059393399373,0.07606358666036811
1701,bads,21,72,0.07506074158744705,0.07606358666036811
1701,bads,22,6,0.0682134056865573,0.07606358666036811
1701,bads,23,102,0.07116345640371552,0.07606358666036811
1701,bads,24,36,0.0725051766342231,0.07606358666036811
1701,bads,25,112,0.06844464127047867,0.07606358666036811
1701,bads,26,4,0.07368133661552434,0.07606358666036811
1701,bads,27,28,0.06628722126355963,0.07606358666036811
1701,bads,28,117,0.07414420607969464,0.07606358666036811
1701,bads,29,47,0.0739354912485082,0.07606358666036811
1701,bads,30,22,0.07267216533317279,0.07606358666036811
1701,bads,31,114,0.07163792403157976,0.07606358666036811
1701,bads,32,35,0.07365765079288647,0.07606358666036811
1702,catalog,1,0,0.06697040022823482,0.06697040022823482
1702,random,1,0,0.06697040022823482,0.06697040022823482
1702,random,2,46,0.057045806364988065,0.06697040022823482
1702,random,3,75,0.06594637266196691,0.06697040022823482
1702,random,4,24,0.05758230103246888,0.06697040022823482
1702,random,5,15,0.05595779686720216,0.06697040022823482
1702,random,6,82,0.07497873932187464,0.07497873932187464
1702,random,7,123,0.05431457287624254,0.07497873932187464
1702,random,8,42,0.0754997063137065,0.0754997063137065
1702,random,9,27,0.05939692125007418,0.0754997063137065
1702,random,10,26,0.06449341473992681,0.0754997063137065
1702,random,11,12,0.06804894637186483,0.0754997063137065
1702,random,12,106,0.05408666113245847,0.0754997063137065
1702,random,13,100,0.06344426382656544,0.0754997063137065
1702,random,14,59,0.06435909611913737,0.0754997063137065
1702,random,15,98,0.05931258066641727,0.0754997063137065
1702,random,16,50,0.06582777916858282,0.0754997063137065
1702,random,17,97,0.05387362426716899,0.0754997063137065
1702,random,18,121,0.06007088440102463,0.0754997063137065
1702,random,19,64,0.06425844290008383,0.0754997063137065
1702,random,20,71,0.056020702588793325,0.0754997063137065
1702,random,21,113,0.058472105983097454,0.0754997063137065
1702,random,22,44,0.05331942553065011,0.0754997063137065
1702,random,23,94,0.05427479501135869,0.0754997063137065
1702,random,24,33,0.05994178684985277,0.0754997063137065
1702,random,25,80,0.055203489709064066,0.0754997063137065
1702,random,26,99,0.07461729705025409,0.0754997063137065
1702,random,27,89,0.07141041582618107,0.0754997063137065
1702,random,28,118,0.06355333872914,0.0754997063137065
1702,random,29,3,0.06554602041505969,0.0754997063137065
1702,random,30,68,0.05726683339444989,0.0754997063137065
1702,random,31,63,0.06770090167427989,0.0754997063137065
1702,random,32,60,0.06403886664008046,0.0754997063137065
1702,greedy,1,0,0.06697040022823482,0.06697040022823482
1702,greedy,2,46,0.057045806364988065,0.06697040022823482
1702,greedy,3,75,0.06594637266196691,0.06697040022823482
1702,greedy,4,24,0.05758230103246888,0.06697040022823482
1702,greedy,5,110,0.06924580959275854,0.06924580959275854
1702,greedy,6,28,0.0725701976180155,0.0725701976180155
1702,greedy,7,95,0.0706529113672405,0.0725701976180155
1702,greedy,8,21,0.07159377668297473,0.0725701976180155
1702,greedy,9,109,0.07533251314140328,0.07533251314140328
1702,greedy,10,37,0.07318375985962884,0.07533251314140328
1702,greedy,11,42,0.0754997063137065,0.0754997063137065
1702,greedy,12,119,0.07045324126648447,0.0754997063137065
1702,greedy,13,8,0.07286835213031981,0.0754997063137065
1702,greedy,14,49,0.06934245520238251,0.0754997063137065
1702,greedy,15,103,0.06797177341176222,0.0754997063137065
1702,greedy,16,12,0.06804894637186483,0.0754997063137065
1702,greedy,17,57,0.06659109665339907,0.0754997063137065
1702,greedy,18,55,0.07364197236198822,0.0754997063137065
1702,greedy,19,53,0.07220805775434387,0.0754997063137065
1702,greedy,20,115,0.07588372290627907,0.07588372290627907
1702,greedy,21,72,0.0720282503965603,0.07588372290627907
1702,greedy,22,56,0.07451183131674669,0.07588372290627907
1702,greedy,23,88,0.0718655102120033,0.07588372290627907
1702,greedy,24,69,0.07640696806040978,0.07640696806040978
1702,greedy,25,91,0.07165529548066128,0.07640696806040978
1702,greedy,26,48,0.07189818592173462,0.07640696806040978
1702,greedy,27,114,0.06598320646827754,0.07640696806040978
1702,greedy,28,79,0.06834010945531564,0.07640696806040978
1702,greedy,29,61,0.06777353795348476,0.07640696806040978
1702,greedy,30,86,0.07428339715451884,0.07640696806040978
1702,greedy,31,6,0.06406121607983985,0.07640696806040978
1702,greedy,32,14,0.07112952506608496,0.07640696806040978
1702,bads,1,0,0.06697040022823482,0.06697040022823482
1702,bads,2,46,0.057045806364988065,0.06697040022823482
1702,bads,3,75,0.06594637266196691,0.06697040022823482
1702,bads,4,24,0.05758230103246888,0.06697040022823482
1702,bads,5,89,0.07141041582618107,0.07141041582618107
1702,bads,6,99,0.07461729705025409,0.07461729705025409
1702,bads,7,31,0.0713309333154603,0.07461729705025409
1702,bads,8,108,0.06930427065716996,0.07461729705025409
1702,bads,9,52,0.055175464620493296,0.07461729705025409
1702,bads,10,32,0.07435547567342111,0.07461729705025409
1702,bads,11,50,0.06582777916858282,0.07461729705025409
1702,bads,12,25,0.07129209082016844,0.07461729705025409
1702,bads,13,43,0.07423075335850507,0.07461729705025409
1702,bads,14,13,0.057596081349645965,0.07461729705025409
1702,bads,15,42,0.0754997063137065,0.0754997063137065
1702,bads,16,56,0.07451183131674669,0.0754997063137065
1702,bads,17,18,0.07188544744107328,0.0754997063137065
1702,bads,18,78,0.07612027074972745,0.07612027074972745
1702,bads,19,69,0.07640696806040978,0.07640696806040978
1702,bads,20,10,0.06723015461128656,0.07640696806040978
1702,bads,21,115,0.07588372290627907,0.07640696806040978
1702,bads,22,11,0.07010906101494409,0.07640696806040978
1702,bads,23,86,0.07428339715451884,0.07640696806040978
1702,bads,24,72,0.0720282503965603,0.07640696806040978
1702,bads,25,63,0.06770090167427989,0.07640696806040978
1702,bads,26,29,0.07516863244431397,0.07640696806040978
1702,bads,27,82,0.07497873932187464,0.07640696806040978
1702,bads,28,21,0.07159377668297473,0.07640696806040978
1702,bads,29,76,0.06704782071389732,0.07640696806040978
1702,bads,30,109,0.07533251314140328,0.07640696806040978
1702,bads,31,107,0.07357906712132224,0.07640696806040978
1702,bads,32,8,0.07286835213031981,0.07640696806040978
1703,catalog,1,0,0.07134946368132324,0.07134946368132324
1703,random,1,0,0.07134946368132324,0.07134946368132324
1703,random,2,90,0.07007572068780255,0.07134946368132324
1703,random,3,89,0.07596157820672328,0.07596157820672328
1703,random,4,112,0.07707536965531553,0.07707536965531553
1703,random,5,50,0.07533442433531981,0.07707536965531553
1703,random,6,2,0.06628822210920313,0.07707536965531553
1703,random,7,64,0.06329963378798503,0.07707536965531553
1703,random,8,49,0.06579369585297118,0.07707536965531553
1703,random,9,19,0.07764281522110611,0.07764281522110611
1703,random,10,85,0.05925290555343357,0.07764281522110611
1703,random,11,70,0.06141996836521629,0.07764281522110611
1703,random,12,4,0.058858809725586256,0.07764281522110611
1703,random,13,25,0.07738970228048103,0.07764281522110611
1703,random,14,65,0.07458505593603501,0.07764281522110611
1703,random,15,44,0.07627969009613417,0.07764281522110611
1703,random,16,46,0.06749632436838654,0.07764281522110611
1703,random,17,9,0.07493860895834588,0.07764281522110611
1703,random,18,110,0.07803748307725923,0.07803748307725923
1703,random,19,111,0.07290072090096468,0.07803748307725923
1703,random,20,41,0.0734165356726108,0.07803748307725923
1703,random,21,6,0.07462962084488825,0.07803748307725923
1703,random,22,95,0.06601729205824794,0.07803748307725923
1703,random,23,105,0.07256993671987504,0.07803748307725923
1703,random,24,56,0.07887415017891825,0.07887415017891825
1703,random,25,54,0.07129507356055709,0.07887415017891825
1703,random,26,59,0.06960176805772982,0.07887415017891825
1703,random,27,75,0.06699084696994502,0.07887415017891825
1703,random,28,5,0.06664734007502987,0.07887415017891825
1703,random,29,60,0.06657931618956871,0.07887415017891825
1703,random,30,69,0.07531571971878705,0.07887415017891825
1703,random,31,39,0.07851846147294178,0.07887415017891825
1703,random,32,86,0.0665811857088076,0.07887415017891825
1703,greedy,1,0,0.07134946368132324,0.07134946368132324
1703,greedy,2,90,0.07007572068780255,0.07134946368132324
1703,greedy,3,89,0.07596157820672328,0.07596157820672328
1703,greedy,4,112,0.07707536965531553,0.07707536965531553
1703,greedy,5,47,0.07111718249241494,0.07707536965531553
1703,greedy,6,33,0.07664494629033301,0.07707536965531553
1703,greedy,7,50,0.07533442433531981,0.07707536965531553
1703,greedy,8,67,0.07783559733102247,0.07783559733102247
1703,greedy,9,44,0.07627969009613417,0.07783559733102247
1703,greedy,10,72,0.07150118253218478,0.07783559733102247
1703,greedy,11,118,0.07168670827214549,0.07783559733102247
1703,greedy,12,111,0.07290072090096468,0.07783559733102247
1703,greedy,13,69,0.07531571971878705,0.07783559733102247
1703,greedy,14,3,0.07634234023302539,0.07783559733102247
1703,greedy,15,84,0.06771781314386488,0.07783559733102247
1703,greedy,16,10,0.0715840508879263,0.07783559733102247
1703,greedy,17,18,0.07353514418521631,0.07783559733102247
1703,greedy,18,113,0.06808791322157694,0.07783559733102247
1703,greedy,19,32,0.07273532124797971,0.07783559733102247
1703,greedy,20,54,0.07129507356055709,0.07783559733102247
1703,greedy,21,51,0.07384742078608794,0.07783559733102247
1703,greedy,22,103,0.07101018510717699,0.07783559733102247
1703,greedy,23,68,0.06587179440179664,0.07783559733102247
1703,greedy,24,99,0.0656198278699415,0.07783559733102247
1703,greedy,25,100,0.06291935849323628,0.07783559733102247
1703,greedy,26,107,0.07593057034982446,0.07783559733102247
1703,greedy,27,23,0.07378797083774988,0.07783559733102247
1703,greedy,28,14,0.07104451622291288,0.07783559733102247
1703,greedy,29,30,0.07129666634387892,0.07783559733102247
1703,greedy,30,9,0.07493860895834588,0.07783559733102247
1703,greedy,31,20,0.06820550170675349,0.07783559733102247
1703,greedy,32,42,0.06822999321157902,0.07783559733102247
1703,bads,1,0,0.07134946368132324,0.07134946368132324
1703,bads,2,90,0.07007572068780255,0.07134946368132324
1703,bads,3,89,0.07596157820672328,0.07596157820672328
1703,bads,4,112,0.07707536965531553,0.07707536965531553
1703,bads,5,86,0.0665811857088076,0.07707536965531553
1703,bads,6,44,0.07627969009613417,0.07707536965531553
1703,bads,7,126,0.07766750368129718,0.07766750368129718
1703,bads,8,104,0.07261344773922382,0.07766750368129718
1703,bads,9,122,0.07266485784545108,0.07766750368129718
1703,bads,10,120,0.07717762689161596,0.07766750368129718
1703,bads,11,8,0.06506643508926285,0.07766750368129718
1703,bads,12,38,0.07594338162996243,0.07766750368129718
1703,bads,13,52,0.06724836036439018,0.07766750368129718
1703,bads,14,3,0.07634234023302539,0.07766750368129718
1703,bads,15,63,0.06472165747956414,0.07766750368129718
1703,bads,16,16,0.07568123934560264,0.07766750368129718
1703,bads,17,39,0.07851846147294178,0.07851846147294178
1703,bads,18,111,0.07290072090096468,0.07851846147294178
1703,bads,19,25,0.07738970228048103,0.07851846147294178
1703,bads,20,56,0.07887415017891825,0.07887415017891825
1703,bads,21,51,0.07384742078608794,0.07887415017891825
1703,bads,22,115,0.07528590544257252,0.07887415017891825
1703,bads,23,110,0.07803748307725923,0.07887415017891825
1703,bads,24,82,0.07872767219299262,0.07887415017891825
1703,bads,25,98,0.07753908882206613,0.07887415017891825
1703,bads,26,58,0.069231297337433,0.07887415017891825
1703,bads,27,124,0.07688309774205243,0.07887415017891825
1703,bads,28,33,0.07664494629033301,0.07887415017891825
1703,bads,29,19,0.07764281522110611,0.07887415017891825
1703,bads,30,101,0.07728525564984506,0.07887415017891825
1703,bads,31,50,0.07533442433531981,0.07887415017891825
1703,bads,32,9,0.07493860895834588,0.07887415017891825
1704,catalog,1,0,0.06764755903258088,0.06764755903258088
1704,random,1,0,0.06764755903258088,0.06764755903258088
1704,random,2,63,0.05731638798830491,0.06764755903258088
1704,random,3,31,0.0653333034370901,0.06764755903258088
1704,random,4,120,0.07105180829100317,0.07105180829100317
1704,random,5,94,0.06306762806230631,0.07105180829100317
1704,random,6,17,0.05552854844291929,0.07105180829100317
1704,random,7,10,0.07143656064131032,0.07143656064131032
1704,random,8,79,0.056361499916180134,0.07143656064131032
1704,random,9,111,0.05930226390820308,0.07143656064131032
1704,random,10,34,0.05424981124177774,0.07143656064131032
1704,random,11,56,0.07444346762832481,0.07444346762832481
1704,random,12,81,0.06109888349958905,0.07444346762832481
1704,random,13,126,0.06511731153604809,0.07444346762832481
1704,random,14,54,0.05819749547844869,0.07444346762832481
1704,random,15,74,0.07126103119969308,0.07444346762832481
1704,random,16,86,0.06491993042355533,0.07444346762832481
1704,random,17,99,0.06759040125893212,0.07444346762832481
1704,random,18,33,0.06597080266301811,0.07444346762832481
1704,random,19,8,0.06004085829609017,0.07444346762832481
1704,random,20,82,0.07130675418277097,0.07444346762832481
1704,random,21,50,0.05589127142270234,0.07444346762832481
1704,random,22,59,0.05836257605090936,0.07444346762832481
1704,random,23,2,0.05469986979606235,0.07444346762832481
1704,random,24,125,0.06550984570809984,0.07444346762832481
1704,random,25,38,0.06805753083434647,0.07444346762832481
1704,random,26,114,0.058576543907299564,0.07444346762832481
1704,random,27,49,0.06392674270856832,0.07444346762832481
1704,random,28,24,0.05871865704820616,0.07444346762832481
1704,random,29,12,0.05923588713001939,0.07444346762832481
1704,random,30,13,0.060344427895003154,0.07444346762832481
1704,random,31,69,0.06307198391204968,0.07444346762832481
1704,random,32,92,0.06871605996008841,0.07444346762832481
1704,greedy,1,0,0.06764755903258088,0.06764755903258088
1704,greedy,2,63,0.05731638798830491,0.06764755903258088
1704,greedy,3,31,0.0653333034370901,0.06764755903258088
1704,greedy,4,120,0.07105180829100317,0.07105180829100317
1704,greedy,5,55,0.07113178442692952,0.07113178442692952
1704,greedy,6,86,0.06491993042355533,0.07113178442692952
1704,greedy,7,87,0.06980836491840932,0.07113178442692952
1704,greedy,8,7,0.0634409867998805,0.07113178442692952
1704,greedy,9,4,0.06845792232354407,0.07113178442692952
1704,greedy,10,115,0.07065741534003045,0.07113178442692952
1704,greedy,11,94,0.06306762806230631,0.07113178442692952
1704,greedy,12,66,0.06956616805069615,0.07113178442692952
1704,greedy,13,98,0.06377143566091115,0.07113178442692952
1704,greedy,14,15,0.0667211074833786,0.07113178442692952
1704,greedy,15,62,0.07479131897760333,0.07479131897760333
1704,greedy,16,125,0.06550984570809984,0.07479131897760333
1704,greedy,17,32,0.06754069717115452,0.07479131897760333
1704,greedy,18,72,0.07688202407342616,0.07688202407342616
1704,greedy,19,6,0.07277648375317831,0.07688202407342616
1704,greedy,20,109,0.07496407197007683,0.07688202407342616
1704,greedy,21,100,0.06711480803250411,0.07688202407342616
1704,greedy,22,38,0.06805753083434647,0.07688202407342616
1704,greedy,23,124,0.07258163262613417,0.07688202407342616
1704,greedy,24,70,0.061617867528358655,0.07688202407342616
1704,greedy,25,92,0.06871605996008841,0.07688202407342616
1704,greedy,26,30,0.06477973459693168,0.07688202407342616
1704,greedy,27,56,0.07444346762832481,0.07688202407342616
1704,greedy,28,104,0.06451355077157427,0.07688202407342616
1704,greedy,29,81,0.06109888349958905,0.07688202407342616
1704,greedy,30,74,0.07126103119969308,0.07688202407342616
1704,greedy,31,96,0.059421978281475094,0.07688202407342616
1704,greedy,32,80,0.06971155874004262,0.07688202407342616
1704,bads,1,0,0.06764755903258088,0.06764755903258088
1704,bads,2,63,0.05731638798830491,0.06764755903258088
1704,bads,3,31,0.0653333034370901,0.06764755903258088
1704,bads,4,120,0.07105180829100317,0.07105180829100317
1704,bads,5,72,0.07688202407342616,0.07688202407342616
1704,bads,6,92,0.06871605996008841,0.07688202407342616
1704,bads,7,56,0.07444346762832481,0.07688202407342616
1704,bads,8,95,0.05661066262113992,0.07688202407342616
1704,bads,9,41,0.07366653856683876,0.07688202407342616
1704,bads,10,47,0.07195277521720311,0.07688202407342616
1704,bads,11,62,0.07479131897760333,0.07688202407342616
1704,bads,12,112,0.0738574544626683,0.07688202407342616
1704,bads,13,85,0.07365956134388713,0.07688202407342616
1704,bads,14,10,0.07143656064131032,0.07688202407342616
1704,bads,15,27,0.07457128737827302,0.07688202407342616
1704,bads,16,73,0.07366660030968153,0.07688202407342616
1704,bads,17,71,0.07573880911981104,0.07688202407342616
1704,bads,18,124,0.07258163262613417,0.07688202407342616
1704,bads,19,66,0.06956616805069615,0.07688202407342616
1704,bads,20,32,0.06754069717115452,0.07688202407342616
1704,bads,21,26,0.07310486081680789,0.07688202407342616
1704,bads,22,118,0.07223588269626406,0.07688202407342616
1704,bads,23,122,0.07062279599888424,0.07688202407342616
1704,bads,24,119,0.07183162810736993,0.07688202407342616
1704,bads,25,74,0.07126103119969308,0.07688202407342616
1704,bads,26,46,0.0723376147565151,0.07688202407342616
1704,bads,27,28,0.07117873878963657,0.07688202407342616
1704,bads,28,109,0.07496407197007683,0.07688202407342616
1704,bads,29,11,0.07429848241968709,0.07688202407342616
1704,bads,30,78,0.0722533850269452,0.07688202407342616
1704,bads,31,82,0.07130675418277097,0.07688202407342616
1704,bads,32,6,0.07277648375317831,0.07688202407342616
1705,catalog,1,0,0.06535429295607866,0.06535429295607866
1705,random,1,0,0.06535429295607866,0.06535429295607866
1705,random,2,61,0.0735968881752212,0.0735968881752212
1705,random,3,96,0.0739034419031573,0.0739034419031573
1705,random,4,12,0.06676704360320085,0.0739034419031573
1705,random,5,111,0.07067414446874784,0.0739034419031573
1705,random,6,45,0.06355940243668576,0.0739034419031573
1705,random,7,69,0.052418797305619894,0.0739034419031573
1705,random,8,100,0.06722495586023328,0.0739034419031573
1705,random,9,71,0.05997894302668445,0.0739034419031573
1705,random,10,83,0.07180843177875626,0.0739034419031573
1705,random,11,2,0.06032298080736528,0.0739034419031573
1705,random,12,64,0.06279818511533387,0.0739034419031573
1705,random,13,116,0.06179506081539321,0.0739034419031573
1705,random,14,77,0.060815763544122776,0.0739034419031573
1705,random,15,112,0.05222115436837639,0.0739034419031573
1705,random,16,81,0.06625514465764888,0.0739034419031573
1705,random,17,65,0.06012046328524912,0.0739034419031573
1705,random,18,119,0.05454156578206301,0.0739034419031573
1705,random,19,95,0.05264207292372175,0.0739034419031573
1705,random,20,13,0.06086823037244516,0.0739034419031573
1705,random,21,38,0.060042471672859685,0.0739034419031573
1705,random,22,14,0.06099762949891767,0.0739034419031573
1705,random,23,10,0.06084184450523418,0.0739034419031573
1705,random,24,107,0.06729365074682482,0.0739034419031573
1705,random,25,124,0.06663576603410386,0.0739034419031573
1705,random,26,21,0.0738720832553341,0.0739034419031573
1705,random,27,126,0.061355165321289415,0.0739034419031573
1705,random,28,125,0.05768655830461798,0.0739034419031573
1705,random,29,122,0.0657454374018894,0.0739034419031573
1705,random,30,11,0.07391158193915807,0.07391158193915807
1705,random,31,29,0.06569957556438927,0.07391158193915807
1705,random,32,76,0.06265178968565678,0.07391158193915807
1705,greedy,1,0,0.06535429295607866,0.06535429295607866
1705,greedy,2,61,0.0735968881752212,0.0735968881752212
1705,greedy,3,96,0.0739034419031573,0.0739034419031573
1705,greedy,4,12,0.06676704360320085,0.0739034419031573
1705,greedy,5,28,0.06679393209134533,0.0739034419031573
1705,greedy,6,11,0.07391158193915807,0.07391158193915807
1705,greedy,7,88,0.07513113562546321,0.07513113562546321
1705,greedy,8,91,0.07076988563483672,0.07513113562546321
1705,greedy,9,127,0.0724414148389457,0.07513113562546321
1705,greedy,10,66,0.0708219131279328,0.07513113562546321
1705,greedy,11,26,0.07311819237872082,0.07513113562546321
1705,greedy,12,51,0.06726418064640036,0.07513113562546321
1705,greedy,13,123,0.06707507643262497,0.07513113562546321
1705,greedy,14,50,0.0645503009533135,0.07513113562546321
1705,greedy,15,24,0.07174860020708546,0.07513113562546321
1705,greedy,16,85,0.07227747086298206,0.07513113562546321
1705,greedy,17,90,0.06704636918700733,0.07513113562546321
1705,greedy,18,32,0.06978833422410984,0.07513113562546321
1705,greedy,19,57,0.06872898113377972,0.07513113562546321
1705,greedy,20,98,0.07508728167964929,0.07513113562546321
1705,greedy,21,104,0.06398813728374891,0.07513113562546321
1705,greedy,22,70,0.06382567563848063,0.07513113562546321
1705,greedy,23,44,0.06636777270448513,0.07513113562546321
1705,greedy,24,82,0.06806310323953035,0.07513113562546321
1705,greedy,25,17,0.07271406160064672,0.07513113562546321
1705,greedy,26,105,0.06644549949361542,0.07513113562546321
1705,greedy,27,124,0.06663576603410386,0.07513113562546321
1705,greedy,28,121,0.06742622704766613,0.07513113562546321
1705,greedy,29,43,0.06856522734106499,0.07513113562546321
1705,greedy,30,114,0.06720468191985522,0.07513113562546321
1705,greedy,31,1,0.07229228971896472,0.07513113562546321
1705,greedy,32,23,0.062312837115127265,0.07513113562546321
1705,bads,1,0,0.06535429295607866,0.06535429295607866
1705,bads,2,61,0.0735968881752212,0.0735968881752212
1705,bads,3,96,0.0739034419031573,0.0739034419031573
1705,bads,4,12,0.06676704360320085,0.0739034419031573
1705,bads,5,74,0.07365759551274981,0.0739034419031573
1705,bads,6,26,0.07311819237872082,0.0739034419031573
1705,bads,7,50,0.0645503009533135,0.0739034419031573
1705,bads,8,87,0.0629874385465481,0.0739034419031573
1705,bads,9,17,0.07271406160064672,0.0739034419031573
1705,bads,10,20,0.06813714133961755,0.0739034419031573
1705,bads,11,14,0.06099762949891767,0.0739034419031573
1705,bads,12,99,0.0726656245987151,0.0739034419031573
1705,bads,13,33,0.0727689263634826,0.0739034419031573
1705,bads,14,106,0.0708894617906463,0.0739034419031573
1705,bads,15,34,0.0722818705471274,0.0739034419031573
1705,bads,16,7,0.05441627179530494,0.0739034419031573
1705,bads,17,4,0.07193570760756278,0.0739034419031573
1705,bads,18,47,0.07265603027320275,0.0739034419031573
1705,bads,19,21,0.0738720832553341,0.0739034419031573
1705,bads,20,72,0.0692138052312588,0.0739034419031573
1705,bads,21,98,0.07508728167964929,0.07508728167964929
1705,bads,22,118,0.06908145677520136,0.07508728167964929
1705,bads,23,83,0.07180843177875626,0.07508728167964929
1705,bads,24,6,0.06856724281519602,0.07508728167964929
1705,bads,25,88,0.07513113562546321,0.07513113562546321
1705,bads,26,11,0.07391158193915807,0.07513113562546321
1705,bads,27,127,0.0724414148389457,0.07513113562546321
1705,bads,28,32,0.06978833422410984,0.07513113562546321
1705,bads,29,91,0.07076988563483672,0.07513113562546321
1705,bads,30,1,0.07229228971896472,0.07513113562546321
1705,bads,31,85,0.07227747086298206,0.07513113562546321
1705,bads,32,24,0.07174860020708546,0.07513113562546321
1706,catalog,1,0,0.07217253939880537,0.07217253939880537
1706,random,1,0,0.07217253939880537,0.07217253939880537
1706,random,2,37,0.059502971967667476,0.07217253939880537
1706,random,3,57,0.07798478256645701,0.07798478256645701
1706,random,4,126,0.06180921419843055,0.07798478256645701
1706,random,5,99,0.06889106885296706,0.07798478256645701
1706,random,6,114,0.06290816753458975,0.07798478256645701
1706,random,7,105,0.07346450529440153,0.07798478256645701
1706,random,8,48,0.07319941673124379,0.07798478256645701
1706,random,9,36,0.06480110893010134,0.07798478256645701
1706,random,10,9,0.07052779853201753,0.07798478256645701
1706,random,11,47,0.06555648668274767,0.07798478256645701
1706,random,12,100,0.07554967056270247,0.07798478256645701
1706,random,13,51,0.0662021761909416,0.07798478256645701
1706,random,14,75,0.07796061770491182,0.07798478256645701
1706,random,15,22,0.06828017908903965,0.07798478256645701
1706,random,16,35,0.08062342497550617,0.08062342497550617
1706,random,17,44,0.07235432796452854,0.08062342497550617
1706,random,18,12,0.07578345397844771,0.08062342497550617
1706,random,19,33,0.06683522560884023,0.08062342497550617
1706,random,20,7,0.06915758742144784,0.08062342497550617
1706,random,21,3,0.06337566565443399,0.08062342497550617
1706,random,22,32,0.07121052969004162,0.08062342497550617
1706,random,23,121,0.07947191697324836,0.08062342497550617
1706,random,24,50,0.07294304638594516,0.08062342497550617
1706,random,25,106,0.06974838455500773,0.08062342497550617
1706,random,26,66,0.0651010208556538,0.08062342497550617
1706,random,27,112,0.07453013679971547,0.08062342497550617
1706,random,28,76,0.06642865185430082,0.08062342497550617
1706,random,29,68,0.07348540346567038,0.08062342497550617
1706,random,30,111,0.0739440608595548,0.08062342497550617
1706,random,31,118,0.0767801985355255,0.08062342497550617
1706,random,32,102,0.0676535345099286,0.08062342497550617
1706,greedy,1,0,0.07217253939880537,0.07217253939880537
1706,greedy,2,37,0.059502971967667476,0.07217253939880537
1706,greedy,3,57,0.07798478256645701,0.07798478256645701
1706,greedy,4,126,0.06180921419843055,0.07798478256645701
1706,greedy,5,49,0.07563244816447254,0.07798478256645701
1706,greedy,6,103,0.07832522514026104,0.07832522514026104
1706,greedy,7,80,0.07786353239754451,0.07832522514026104
1706,greedy,8,30,0.07349933481353635,0.07832522514026104
1706,greedy,9,25,0.07078582093335789,0.07832522514026104
1706,greedy,10,12,0.07578345397844771,0.07832522514026104
1706,greedy,11,121,0.07947191697324836,0.07947191697324836
1706,greedy,12,35,0.08062342497550617,0.08062342497550617
1706,greedy,13,116,0.0796760119900488,0.08062342497550617
1706,greedy,14,8,0.0727069905443026,0.08062342497550617
1706,greedy,15,5,0.0707938073225255,0.08062342497550617
1706,greedy,16,100,0.07554967056270247,0.08062342497550617
1706,greedy,17,89,0.0724805145662361,0.08062342497550617
1706,greedy,18,75,0.07796061770491182,0.08062342497550617
1706,greedy,19,110,0.07845101697423976,0.08062342497550617
1706,greedy,20,101,0.06832386537066257,0.08062342497550617
1706,greedy,21,117,0.07285466782196966,0.08062342497550617
1706,greedy,22,112,0.07453013679971547,0.08062342497550617
1706,greedy,23,92,0.07703935768365168,0.08062342497550617
1706,greedy,24,118,0.0767801985355255,0.08062342497550617
1706,greedy,25,1,0.07873581100061594,0.08062342497550617
1706,greedy,26,2,0.07319162418634148,0.08062342497550617
1706,greedy,27,122,0.0789859442869498,0.08062342497550617
1706,greedy,28,109,0.0758619154794664,0.08062342497550617
1706,greedy,29,123,0.06661587612061563,0.08062342497550617
1706,greedy,30,17,0.0751337073191938,0.08062342497550617
1706,greedy,31,26,0.0770458233468239,0.08062342497550617
1706,greedy,32,43,0.07784374245944894,0.08062342497550617
1706,bads,1,0,0.07217253939880537,0.07217253939880537
1706,bads,2,37,0.059502971967667476,0.07217253939880537
1706,bads,3,57,0.07798478256645701,0.07798478256645701
1706,bads,4,126,0.06180921419843055,0.07798478256645701
1706,bads,5,14,0.07409847592104522,0.07798478256645701
1706,bads,6,12,0.07578345397844771,0.07798478256645701
1706,bads,7,103,0.07832522514026104,0.07832522514026104
1706,bads,8,98,0.05978535416303909,0.07832522514026104
1706,bads,9,35,0.08062342497550617,0.08062342497550617
1706,bads,10,90,0.07854733880334011,0.08062342497550617
1706,bads,11,43,0.07784374245944894,0.08062342497550617
1706,bads,12,92,0.07703935768365168,0.08062342497550617
1706,bads,13,123,0.06661587612061563,0.08062342497550617
1706,bads,14,94,0.07701260804940993,0.08062342497550617
1706,bads,15,16,0.07151252954622252,0.08062342497550617
1706,bads,16,20,0.07936445117201948,0.08062342497550617
1706,bads,17,80,0.07786353239754451,0.08062342497550617
1706,bads,18,24,0.07806442104386521,0.08062342497550617
1706,bads,19,122,0.0789859442869498,0.08062342497550617
1706,bads,20,69,0.0760263894693265,0.08062342497550617
1706,bads,21,21,0.07606994950767136,0.08062342497550617
1706,bads,22,29,0.06759900255396227,0.08062342497550617
1706,bads,23,1,0.07873581100061594,0.08062342497550617
1706,bads,24,75,0.07796061770491182,0.08062342497550617
1706,bads,25,121,0.07947191697324836,0.08062342497550617
1706,bads,26,110,0.07845101697423976,0.08062342497550617
1706,bads,27,116,0.0796760119900488,0.08062342497550617
1706,bads,28,100,0.07554967056270247,0.08062342497550617
1706,bads,29,105,0.07346450529440153,0.08062342497550617
1706,bads,30,61,0.07979859210507127,0.08062342497550617
1706,bads,31,49,0.07563244816447254,0.08062342497550617
1706,bads,32,26,0.0770458233468239,0.08062342497550617
1707,catalog,1,0,0.07081611655054129,0.07081611655054129
1707,random,1,0,0.07081611655054129,0.07081611655054129
1707,random,2,77,0.05803947327404139,0.07081611655054129
1707,random,3,36,0.06215218828496577,0.07081611655054129
1707,random,4,42,0.07121316087055835,0.07121316087055835
1707,random,5,46,0.07592111416560349,0.07592111416560349
1707,random,6,81,0.07354388410590433,0.07592111416560349
1707,random,7,25,0.06406706565169305,0.07592111416560349
1707,random,8,53,0.0769049364508689,0.0769049364508689
1707,random,9,4,0.05960256018223681,0.0769049364508689
1707,random,10,9,0.06316240832185141,0.0769049364508689
1707,random,11,49,0.060900703697919625,0.0769049364508689
1707,random,12,65,0.058005177754187655,0.0769049364508689
1707,random,13,47,0.06625582359475002,0.0769049364508689
1707,random,14,29,0.06789776577523307,0.0769049364508689
1707,random,15,87,0.07621760483499532,0.0769049364508689
1707,random,16,72,0.07622757185409405,0.0769049364508689
1707,random,17,115,0.07334820681149543,0.0769049364508689
1707,random,18,44,0.06840442979028159,0.0769049364508689
1707,random,19,57,0.07211759481769332,0.0769049364508689
1707,random,20,20,0.06815480202156328,0.0769049364508689
1707,random,21,10,0.0582624325075327,0.0769049364508689
1707,random,22,64,0.06767746413033458,0.0769049364508689
1707,random,23,56,0.07896620480103603,0.07896620480103603
1707,random,24,3,0.06245519469336211,0.07896620480103603
1707,random,25,2,0.07185555008674333,0.07896620480103603
1707,random,26,32,0.0713533002525767,0.07896620480103603
1707,random,27,7,0.07220470769314531,0.07896620480103603
1707,random,28,13,0.07606604162941677,0.07896620480103603
1707,random,29,34,0.06395842544612458,0.07896620480103603
1707,random,30,54,0.07214320336170882,0.07896620480103603
1707,random,31,15,0.0741095303135525,0.07896620480103603
1707,random,32,28,0.0650991265407764,0.07896620480103603
1707,greedy,1,0,0.07081611655054129,0.07081611655054129
1707,greedy,2,77,0.05803947327404139,0.07081611655054129
1707,greedy,3,36,0.06215218828496577,0.07081611655054129
1707,greedy,4,42,0.07121316087055835,0.07121316087055835
1707,greedy,5,72,0.07622757185409405,0.07622757185409405
1707,greedy,6,81,0.07354388410590433,0.07622757185409405
1707,greedy,7,2,0.07185555008674333,0.07622757185409405
1707,greedy,8,98,0.07015995467843328,0.07622757185409405
1707,greedy,9,108,0.07597723970765598,0.07622757185409405
1707,greedy,10,26,0.07077127668177158,0.07622757185409405
1707,greedy,11,62,0.07481981532549248,0.07622757185409405
1707,greedy,12,118,0.07579092188076943,0.07622757185409405
1707,greedy,13,14,0.07650963074055253,0.07650963074055253
1707,greedy,14,101,0.0737356581578301,0.07650963074055253
1707,greedy,15,75,0.07054258358601011,0.07650963074055253
1707,greedy,16,38,0.07553909704314832,0.07650963074055253
1707,greedy,17,68,0.07449735852213292,0.07650963074055253
1707,greedy,18,124,0.0701909043727761,0.07650963074055253
1707,greedy,19,56,0.07896620480103603,0.07896620480103603
1707,greedy,20,51,0.07444435037215044,0.07896620480103603
1707,greedy,21,87,0.07621760483499532,0.07896620480103603
1707,greedy,22,35,0.07381216079327081,0.07896620480103603
1707,greedy,23,94,0.0731569553734393,0.07896620480103603
1707,greedy,24,111,0.07071769305831503,0.07896620480103603
1707,greedy,25,71,0.07489797607325065,0.07896620480103603
1707,greedy,26,76,0.07002735313191738,0.07896620480103603
1707,greedy,27,69,0.07592829230445147,0.07896620480103603
1707,greedy,28,12,0.07107451988797228,0.07896620480103603
1707,greedy,29,93,0.07128853414304184,0.07896620480103603
1707,greedy,30,39,0.07498493665537354,0.07896620480103603
1707,greedy,31,58,0.07386765064439796,0.07896620480103603
1707,greedy,32,54,0.07214320336170882,0.07896620480103603
1707,bads,1,0,0.07081611655054129,0.07081611655054129
1707,bads,2,77,0.05803947327404139,0.07081611655054129
1707,bads,3,36,0.06215218828496577,0.07081611655054129
1707,bads,4,42,0.07121316087055835,0.07121316087055835
1707,bads,5,18,0.07159733300522642,0.07159733300522642
1707,bads,6,115,0.07334820681149543,0.07334820681149543
1707,bads,7,17,0.07841515768718471,0.07841515768718471
1707,bads,8,46,0.07592111416560349,0.07841515768718471
1707,bads,9,120,0.0746868627308459,0.07841515768718471
1707,bads,10,52,0.07597106143405771,0.07841515768718471
1707,bads,11,39,0.07498493665537354,0.07841515768718471
1707,bads,12,88,0.07005416522627794,0.07841515768718471
1707,bads,13,31,0.07016837183797522,0.07841515768718471
1707,bads,14,43,0.07743502726115666,0.07841515768718471
1707,bads,15,26,0.07077127668177158,0.07841515768718471
1707,bads,16,100,0.07497698711659571,0.07841515768718471
1707,bads,17,67,0.07237115999183012,0.07841515768718471
1707,bads,18,4,0.05960256018223681,0.07841515768718471
1707,bads,19,30,0.07320058405636509,0.07841515768718471
1707,bads,20,32,0.0713533002525767,0.07841515768718471
1707,bads,21,69,0.07592829230445147,0.07841515768718471
1707,bads,22,73,0.0768685489919717,0.07841515768718471
1707,bads,23,7,0.07220470769314531,0.07841515768718471
1707,bads,24,15,0.0741095303135525,0.07841515768718471
1707,bads,25,108,0.07597723970765598,0.07841515768718471
1707,bads,26,118,0.07579092188076943,0.07841515768718471
1707,bads,27,72,0.07622757185409405,0.07841515768718471
1707,bads,28,81,0.07354388410590433,0.07841515768718471
1707,bads,29,14,0.07650963074055253,0.07841515768718471
1707,bads,30,56,0.07896620480103603,0.07896620480103603
1707,bads,31,11,0.07656500004353534,0.07896620480103603
1707,bads,32,53,0.0769049364508689,0.07896620480103603
1708,catalog,1,0,0.06952002869656736,0.06952002869656736
1708,random,1,0,0.06952002869656736,0.06952002869656736
1708,random,2,97,0.05705307759177421,0.06952002869656736
1708,random,3,28,0.05638916685020548,0.06952002869656736
1708,random,4,87,0.07671049143667173,0.07671049143667173
1708,random,5,109,0.061948675227285574,0.07671049143667173
1708,random,6,26,0.06502226345880333,0.07671049143667173
1708,random,7,95,0.07160973076330704,0.07671049143667173
1708,random,8,83,0.06977280994457669,0.07671049143667173
1708,random,9,5,0.07681288769536429,0.07681288769536429
1708,random,10,27,0.07431773153323583,0.07681288769536429
1708,random,11,21,0.06210826097033766,0.07681288769536429
1708,random,12,65,0.077351971725431,0.077351971725431
1708,random,13,90,0.07063823271095135,0.077351971725431
1708,random,14,110,0.058890382750880946,0.077351971725431
1708,random,15,105,0.07096518377150618,0.077351971725431
1708,random,16,56,0.06489316999108408,0.077351971725431
1708,random,17,51,0.07412316543017936,0.077351971725431
1708,random,18,25,0.060683996979635085,0.077351971725431
1708,random,19,75,0.06542327774348057,0.077351971725431
1708,random,20,81,0.07268069641261048,0.077351971725431
1708,random,21,108,0.07063810614088664,0.077351971725431
1708,random,22,1,0.06426845817195528,0.077351971725431
1708,random,23,69,0.06540535220255148,0.077351971725431
1708,random,24,82,0.06437024350321288,0.077351971725431
1708,random,25,31,0.07632630742380407,0.077351971725431
1708,random,26,57,0.06833672655281756,0.077351971725431
1708,random,27,111,0.07318524211347163,0.077351971725431
1708,random,28,119,0.06082276821390216,0.077351971725431
1708,random,29,54,0.06440087613101259,0.077351971725431
1708,random,30,22,0.05977249704975392,0.077351971725431
1708,random,31,17,0.07480875194802845,0.077351971725431
1708,random,32,125,0.06625269062975184,0.077351971725431
1708,greedy,1,0,0.06952002869656736,0.06952002869656736
1708,greedy,2,97,0.05705307759177421,0.06952002869656736
1708,greedy,3,28,0.05638916685020548,0.06952002869656736
1708,greedy,4,87,0.07671049143667173,0.07671049143667173
1708,greedy,5,86,0.06770962474666531,0.07671049143667173
1708,greedy,6,5,0.07681288769536429,0.07681288769536429
1708,greedy,7,124,0.07262891649712681,0.07681288769536429
1708,greedy,8,96,0.07644916391999963,0.07681288769536429
1708,greedy,9,81,0.07268069641261048,0.07681288769536429
1708,greedy,10,61,0.07181695787994138,0.07681288769536429
1708,greedy,11,32,0.07080655381241896,0.07681288769536429
1708,greedy,12,38,0.07326438378164973,0.07681288769536429
1708,greedy,13,43,0.07795997553453463,0.07795997553453463
1708,greedy,14,77,0.06999854171779882,0.07795997553453463
1708,greedy,15,122,0.07592658286295233,0.07795997553453463
1708,greedy,16,92,0.07078685312919468,0.07795997553453463
1708,greedy,17,55,0.07295558180909012,0.07795997553453463
1708,greedy,18,60,0.07688562115419603,0.07795997553453463
1708,greedy,19,72,0.0708774923959105,0.07795997553453463
1708,greedy,20,103,0.07851490413037851,0.07851490413037851
1708,greedy,21,65,0.077351971725431,0.07851490413037851
1708,greedy,22,66,0.07337732770770175,0.07851490413037851
1708,greedy,23,17,0.07480875194802845,0.07851490413037851
1708,greedy,24,70,0.07358373414807076,0.07851490413037851
1708,greedy,25,91,0.07204984200265688,0.07851490413037851
1708,greedy,26,46,0.07793411495752865,0.07851490413037851
1708,greedy,27,80,0.07055940154150818,0.07851490413037851
1708,greedy,28,67,0.07578402587563993,0.07851490413037851
1708,greedy,29,10,0.06800365408840904,0.07851490413037851
1708,greedy,30,11,0.07250223191704516,0.07851490413037851
1708,greedy,31,79,0.07010243847198717,0.07851490413037851
1708,greedy,32,112,0.07269762633120956,0.07851490413037851
1708,bads,1,0,0.06952002869656736,0.06952002869656736
1708,bads,2,97,0.05705307759177421,0.06952002869656736
1708,bads,3,28,0.05638916685020548,0.06952002869656736
1708,bads,4,87,0.07671049143667173,0.07671049143667173
1708,bads,5,47,0.0761090647116014,0.07671049143667173
1708,bads,6,24,0.0724254441448691,0.07671049143667173
1708,bads,7,62,0.07681751357006834,0.07681751357006834
1708,bads,8,7,0.0743353406095186,0.07681751357006834
1708,bads,9,95,0.07160973076330704,0.07681751357006834
1708,bads,10,126,0.06403770602477869,0.07681751357006834
1708,bads,11,117,0.07529931376493383,0.07681751357006834
1708,bads,12,89,0.07105861264543045,0.07681751357006834
1708,bads,13,74,0.06995022612637741,0.07681751357006834
1708,bads,14,31,0.07632630742380407,0.07681751357006834
1708,bads,15,99,0.06257561114779744,0.07681751357006834
1708,bads,16,12,0.071048227304438,0.07681751357006834
1708,bads,17,46,0.07793411495752865,0.07793411495752865
1708,bads,18,43,0.07795997553453463,0.07795997553453463
1708,bads,19,65,0.077351971725431,0.07795997553453463
1708,bads,20,121,0.07267758870778523,0.07795997553453463
1708,bads,21,27,0.07431773153323583,0.07795997553453463
1708,bads,22,13,0.0736022400508452,0.07795997553453463
1708,bads,23,51,0.07412316543017936,0.07795997553453463
1708,bads,24,60,0.07688562115419603,0.07795997553453463
1708,bads,25,72,0.0708774923959105,0.07795997553453463
1708,bads,26,96,0.07644916391999963,0.07795997553453463
1708,bads,27,103,0.07851490413037851,0.07851490413037851
1708,bads,28,123,0.07573746807938656,0.07851490413037851
1708,bads,29,111,0.07318524211347163,0.07851490413037851
1708,bads,30,14,0.07417344646942126,0.07851490413037851
1708,bads,31,17,0.07480875194802845,0.07851490413037851
1708,bads,32,20,0.07530246084617295,0.07851490413037851
