episode_seed,policy,candidate_id,selected_for_primary,depth,component_count,train_fidelity_q25,train_success_q25,train_robust_utility,heldout_fidelity_q25,heldout_success_q25,heldout_robust_utility
17,random,54644c381d3ec6bb,True,5,24,0.8059534859344818,0.9340760588020454,0.8012803262112704,0.8049017891061183,0.8228816717674132,0.7782526761830714
17,random,a9fd53f9dfebde88,False,3,13,0.014508591968807532,0.9617067653146368,0.23155613037286638,0.014290476716384394,0.8870932148773424,0.21646983384609014
17,random,603a6f4fc7669243,False,5,23,0.4894222247160633,0.9340756184394627,0.5655484588916067,0.48777499558705506,0.8228055098717582,0.5420590153313096
17,random,37f3da42325e3db0,False,5,26,0.4381727000018704,0.9340808834162715,0.5221123683513238,0.4371731067749966,0.8228864789397923,0.4991237925358725
17,random,575828a982557122,False,3,14,0.1853086608726841,0.961707020402605,0.35798956640170077,0.18363228081220787,0.8871040159386356,0.3418116804635497
17,random,83c160c36e45862d,False,3,16,0.02164558111639518,0.9617070442082993,0.2319089280122896,0.021362989862558707,0.8871046188400857,0.21677649949826952
17,random,9ba5e4576d2764a1,False,3,15,0.3512087506396524,0.9617065788385948,0.4807478787474583,0.35114619754907417,0.8870850114915168,0.465776650460109
17,random,34771bb2ed3b6d27,False,3,13,0.050997179219673006,0.961706632126268,0.25892254417334165,0.04976154308890378,0.8870839066519239,0.24307127198039596
17,random,bad7517074fe1922,False,5,25,0.5827388361610619,0.9340764411380739,0.6322027486817445,0.5817328366227198,0.822819497277508,0.6091968602558748
17,greedy,cfb1af790e08a1f1,False,5,23,0.7118143615189173,0.9340767379408482,0.7323427853940243,0.7101702665599533,0.8228792709755206,0.7088702207817358
17,greedy,7ceb5e8acc4d2612,False,4,19,0.08936344888896233,0.9499672454655183,0.27534936909315877,0.08872511092809038,0.8566316390601054,0.2562034943414222
17,greedy,1fa8a62d7676695c,False,5,23,0.9065623159284616,0.9340756324501345,0.8784035301030397,0.9057514956679347,0.822795410780108,0.8555393705736394
17,greedy,0dbd62d19565a2ae,False,5,24,0.8901768620785668,0.9340763586486843,0.864447918288662,0.8892803345367648,0.8228053798347807,0.8415213268695297
17,greedy,32ffa72c7bd5fe95,False,5,25,0.5427109219831854,0.9340775605109332,0.602182036922909,0.5422057566143568,0.8227919720035961,0.5795460451948201
17,greedy,2e14876d18caaae2,False,4,18,0.04244951735576766,0.9499670845147087,0.24183055491976752,0.03994305670744446,0.8566309102068461,0.22128347457195258
17,greedy,96349054f8c8fd22,False,4,20,0.07881833873777866,0.9499675141447493,0.2657739235489506,0.07591596567310423,0.8566342605434574,0.24493049303018632
17,greedy,97e3fa482cea2712,False,3,16,0.0012026003601800994,0.9617065566811177,0.21657659493969197,0.0011385565398526907,0.8870786339657735,0.20160297753137757
17,greedy,6357480ff9b14a55,False,5,23,0.8899977967977782,0.9340763660729283,0.8659802874795861,0.8889562893588937,0.8228068141912037,0.8429452465240778
17,greedy,6de351822f69a5db,False,5,24,0.16940611846284018,0.9340813545730031,0.3238708597617308,0.17140113669048493,0.8229047296845083,0.30313179845476534
17,greedy,3ce3e8a2352f0572,True,5,25,0.9131787665560848,0.9340764812991922,0.8800327045102354,0.9124372880819327,0.822795251983605,0.8572203497915039
17,greedy,37f3da42325e3db0,False,5,26,0.4381727000018704,0.9340808834162715,0.5221123683513238,0.4371731067749966,0.8228864789397923,0.4991237925358725
17,greedy,578faf2b7e4167b6,False,5,22,0.30574953135502186,0.9340758438531077,0.4294606506202213,0.3047745893274621,0.8228077136253171,0.40647581805399335
17,greedy,a1e00dce768dbd85,False,5,23,0.25124625090744557,0.9340769027410829,0.3869167353954674,0.2485139303682721,0.8228103678818846,0.36261418801924766
17,greedy,252f439c0253b919,False,5,25,0.530635519276859,0.9340777294746948,0.5931255186859166,0.5295730478412288,0.8227665056028687,0.5700664203348287
17,greedy,a2dc21ed7531a307,False,4,18,0.13634833713375408,0.949966923563899,0.3122546375630954,0.13523727895958704,0.8566301813535866,0.2927539954904076
17,greedy,0e2a4cb6a363df7d,False,5,25,0.1966134912370866,0.9340800785671551,0.3426094674745793,0.1942269984197879,0.8228285417380347,0.3185692904957812
17,greedy,7665313c8c819a5b,False,5,23,0.7967357772602965,0.9340763707869156,0.7960337737692722,0.7959893787588506,0.8228064856911494,0.7732199978740345
17,bads,1fa8a62d7676695c,True,5,23,0.9065623159284616,0.9340756324501345,0.8784035301030397,0.9057514956679347,0.822795410780108,0.8555393705736394
17,bads,a26433f0328d718a,False,4,18,0.11769502138130108,0.949966808303623,0.2982646276967005,0.11698907411747353,0.8566354515365515,0.2790688958954155
17,bads,0dbd62d19565a2ae,False,5,24,0.8901768620785668,0.9340763586486843,0.864447918288662,0.8892803345367648,0.8228053798347807,0.8415213268695297
17,bads,dedd3d17b6275c46,False,5,24,0.30895410951343855,0.9340790411122877,0.4285313903575365,0.30781789974531093,0.8229065165536642,0.40544472811971605
17,bads,f7ebe1bb457929e5,False,5,23,0.6166667157742052,0.9340764259109597,0.6609819886795125,0.6150388087094668,0.8227920113889725,0.6375041754765614
17,bads,96349054f8c8fd22,False,4,20,0.07881833873777866,0.9499675141447493,0.2657739235489506,0.07591596567310423,0.8566342605434574,0.24493049303018632
17,bads,63595a16d9fdaaac,False,5,24,0.4147398106627406,0.9340777493677543,0.5078704078706063,0.41176795813201084,0.8227041924521095,0.48336680708943003
17,bads,67ce1a27ff9f6d10,False,3,16,0.05290373798296701,0.9617066952984409,0.2553524758802468,0.051606522552584896,0.8870826455713898,0.23945475436204997
17,bads,6357480ff9b14a55,False,5,23,0.8899977967977782,0.9340763660729283,0.8659802874795861,0.8889562893588937,0.8228068141912037,0.8429452465240778
17,bads,4ce31a7e9e12547f,False,4,21,0.2974639697927772,0.9499668970474143,0.42809135675406584,0.296310986202564,0.8565905650768004,0.40855135266728315
17,bads,252f439c0253b919,False,5,25,0.530635519276859,0.9340777294746948,0.5931255186859166,0.5295730478412288,0.8227665056028687,0.5700664203348287
17,bads,5f6d99e5610d55a0,False,4,21,0.1614155335497571,0.9499671737270934,0.3260550849077365,0.1594817410218641,0.8566822074429045,0.305947747254979
17,bads,7665313c8c819a5b,False,5,23,0.7967357772602965,0.9340763707869156,0.7960337737692722,0.7959893787588506,0.8228064856911494,0.7732199978740345
17,bads,bad7517074fe1922,False,5,25,0.5827388361610619,0.9340764411380739,0.6322027486817445,0.5817328366227198,0.822819497277508,0.6091968602558748
17,bads,7cda5bb74d83b375,False,4,16,0.09201423181986712,0.9499674730843364,0.282337501815101,0.09030071324034092,0.8566326698142701,0.262385402226443
17,bads,75596acd42acdb82,False,5,20,0.2953112908905919,0.9340777916369607,0.4249656931620027,0.29435490816682014,0.8229381045200306,0.4020204686957879
29,random,a2feb0cc95118ad0,True,5,23,0.8966982030312163,0.9356954307834255,0.8713294050967639,0.8957320067039929,0.8152583787528144,0.8465173474452243
29,random,a7b15fa55ef78856,False,3,13,0.3095599421194755,0.9603066511478348,0.4525646201525069,0.30847892256312504,0.88140114487606,0.4359727542308891
29,random,da3fe7f28b34b77f,False,5,24,0.43686696848577294,0.9356957205189527,0.5247893704681202,0.43380159193651846,0.8151746454428692,0.49838612304096275
29,random,2e6cfe3ce41ea65c,False,4,19,0.34905389651809815,0.9463106057390771,0.4693858768697224,0.348837713364643,0.8478891619757783,0.4495394507519712
29,random,a3019dbfebc93549,False,3,13,0.015190447338241968,0.9603081001111072,0.2317877888592363,0.014761659329577407,0.8814031245319275,0.2156852027369019
29,random,b60743542293d1bc,False,5,22,0.662767344019329,0.9356938014884574,0.6975476016455215,0.6632094169050186,0.8152730218971671,0.6737950003915306
29,random,60243974318d92f6,False,5,22,0.8051944185874362,0.9356928548950593,0.8043677182529224,0.8045484950668333,0.8152033467102088,0.7797853739755001
29,random,c3fb1d9f1d934d53,False,3,14,0.1635407194376605,0.9603097446522881,0.3413841551753697,0.16348222573777815,0.8814023576266035,0.325558807495321
29,greedy,a2feb0cc95118ad0,False,5,23,0.8966982030312163,0.9356954307834255,0.8713294050967639,0.8957320067039929,0.8152583787528144,0.8465173474452243
29,greedy,b4896878cb6e44c1,True,5,24,0.9605238770541289,0.9356931568058866,0.917531539151774,0.9604329100057385,0.8152021675864163,0.8933651160215872
29,greedy,60243974318d92f6,False,5,22,0.8051944185874362,0.9356928548950593,0.8043677182529224,0.8045484950668333,0.8152033467102088,0.7797853739755001
29,greedy,ed7b9ade58e1b505,False,5,27,0.22735401996963403,0.9356959017377711,0.3626546953247798,0.22668601833469737,0.815207776500875,0.338056069051198
29,greedy,c3fb1d9f1d934d53,False,3,14,0.1635407194376605,0.9603097446522881,0.3413841551753697,0.16348222573777815,0.8814023576266035,0.325558807495321
29,bads,a2feb0cc95118ad0,False,5,23,0.8966982030312163,0.9356954307834255,0.8713294050967639,0.8957320067039929,0.8152583787528144,0.8465173474452243
29,bads,7d33b06882a085ee,False,5,25,0.24028777208319513,0.9356981931954862,0.37568880103482694,0.23798379674258374,0.815259681795902,0.3498731172494516
29,bads,c1fbec582d42a660,False,5,24,0.34355741484985974,0.9356962185873726,0.45480730485486937,0.3411086286984831,0.8152640684124106,0.4288842852063445
29,bads,940fcd52e7e643f5,False,4,21,0.231806457966303,0.946311814747244,0.37811720642417607,0.2312368120954358,0.8479076512521351,0.3580091393220039
29,bads,5b9677e33278ef04,False,5,26,0.3784418180511371,0.9356960380631514,0.4776372378176497,0.3760519997240227,0.8152472432389566,0.45175511510747507
29,bads,b4896878cb6e44c1,True,5,24,0.9605238770541289,0.9356931568058866,0.917531539151774,0.9604329100057385,0.8152021675864163,0.8933651160215872
29,bads,b60743542293d1bc,False,5,22,0.662767344019329,0.9356938014884574,0.6975476016455215,0.6632094169050186,0.8152730218971671,0.6737950003915306
29,bads,c3fb1d9f1d934d53,False,3,14,0.1635407194376605,0.9603097446522881,0.3413841551753697,0.16348222573777815,0.8814023576266035,0.325558807495321
41,random,ee01c066807ec20c,False,5,25,0.4607613949944963,0.9368907079135048,0.5412825211619064,0.458777768128084,0.8189445919210773,0.5162055778136118
41,random,be0b7e85ca076240,False,3,13,0.16602730854022946,0.9602942602624296,0.34491266679099136,0.1627390015619608,0.887088631690229,0.32780531084284975
41,random,4392b1f69b60f04c,False,5,22,0.6905565654679996,0.9368900246491929,0.7186287623641716,0.6890421359508297,0.8189611628141479,0.6939071678592852
41,random,0605914cd7d3c9c9,False,3,13,0.01954391368600912,0.960295532473546,0.2350503750925494,0.019084294911853025,0.8870910177768149,0.22006475807258608
41,random,cd8b7e2d19a02e74,False,3,14,0.18095361910536553,0.9602956223870671,0.35444100547310425,0.1806199271171079,0.8870905623494246,0.33954972447438253
41,random,1638156a713be89e,False,5,23,0.8570256950100918,0.9368897579817793,0.8418138895205914,0.8571639296869362,0.8189502835994034,0.8183296706517496
41,random,3756513f7a64990e,True,5,23,0.9693389672299939,0.9368889146197695,0.926048675013116,0.9692323160316059,0.8189548623437277,0.9023818761591166
41,random,ae8ce3491be13125,False,5,23,0.42336141973797237,0.9368909800339049,0.516565927476927,0.422338379799079,0.8189872266690568,0.4922178968497873
41,random,0e1a80577dd72b36,False,3,14,0.4210710203504952,0.9602950780005481,0.5345289475296476,0.4201957979505658,0.8870870896088188,0.5192309330513547
41,greedy,7950850fdf27c76c,False,5,26,0.4415030918598979,0.9368925753869872,0.5251725006389876,0.44037355161140423,0.818957727383081,0.5007383758518361
41,greedy,6ca07a25fb465c60,False,4,17,0.10372353602708573,0.9480242667527468,0.2890641720375303,0.10263108883523503,0.8467965262460215,0.26799928854229726
41,greedy,2cb4b000913bc260,False,4,20,0.08040767354353442,0.9480258417180697,0.2665775901679315,0.07951343941898181,0.846836131591987,0.24566897254930042
41,greedy,4392b1f69b60f04c,False,5,22,0.6905565654679996,0.9368900246491929,0.7186287623641716,0.6890421359508297,0.8189611628141479,0.6939071678592852
41,greedy,348d4a0003a57e15,False,5,23,0.7917076990790007,0.9368911783011071,0.7928256766361388,0.7901364953765009,0.8189563012458041,0.7680602984482031
41,greedy,3756513f7a64990e,False,5,23,0.9693389672299939,0.9368889146197695,0.926048675013116,0.9692323160316059,0.8189548623437277,0.9023818761591166
41,greedy,71b70304da08d585,True,5,23,0.9999939761548181,0.9368888833384194,0.9490399254504641,0.9997891456072103,0.8189530329500934,0.925299132462093
41,greedy,dd8e31b4ee4c3c70,False,5,24,0.535456380807465,0.9368915560105984,0.5989705968077185,0.5335500496510366,0.8189673529434387,0.5739560078269652
41,greedy,0b5b81bb01f66a1c,False,5,23,0.8747356393866063,0.9368904677655777,0.855096489759737,0.8746356551077545,0.8189775576008707,0.8314389195176568
41,greedy,08a1eb47097dbc98,False,4,18,0.02678165722499143,0.9480243330550424,0.22969110952975208,0.026133818483636276,0.846785514464418,0.20895746675561083
41,greedy,fab2c54c7a3dae6b,False,5,22,0.8900801449020146,0.9368886887801487,0.868271179765874,0.888907559048141,0.8189461907018163,0.8438032407598024
41,greedy,b0c28144c379317f,False,5,25,0.5720177290627779,0.9368924472903285,0.6247251195884824,0.5710344786377175,0.8189694726513921,0.6004030868418999
41,greedy,d8dd3f96f88179a5,False,4,21,0.06959716822034469,0.9480267002068028,0.2568032162066191,0.06770984000237543,0.8468292724445401,0.2351482344906896
41,bads,5282cbc6f0b99247,False,5,24,0.5517713507120733,0.9368911367416681,0.6112067403823886,0.5509851454717178,0.8189845449371341,0.5870357680912153
41,bads,4392b1f69b60f04c,True,5,22,0.6905565654679996,0.9368900246491929,0.7186287623641716,0.6890421359508297,0.8189611628141479,0.6939071678592852
41,bads,fef559b3b3454c56,False,4,19,0.5028122164845603,0.9480267701280112,0.5850478497223558,0.5005702251568067,0.8467952066063794,0.5631200435222142
41,bads,6a215f81ff70e409,False,4,18,0.17525228820162794,0.9480251923280709,0.3410442546168352,0.17254411986213558,0.8467978288910055,0.3187676556748028
41,bads,61c5a01ffea06e92,False,3,14,0.06940688339669249,0.9602942137152324,0.27078067195723254,0.06879149549249304,0.8870894844088251,0.25567818516780144
41,bads,b03844097f7d2632,False,3,15,0.13113499531056996,0.9602945151766611,0.31541014951825974,0.1311132881664622,0.887084878010411,0.3007519417269289
41,bads,c0145fd5ceb161bd,False,3,14,0.021421674558679174,0.960295669947235,0.23479205657512306,0.020969750390851905,0.8870816735058575,0.21981031416097713
53,random,72b6112df603226e,False,3,13,0.11931939227211395,0.962517367053852,0.3103263509481892,0.11755082221992934,0.8910264617281433,0.294701742343909
53,random,e036b65171cb2512,True,5,24,0.6971436618027393,0.9373710060921375,0.720331947570482,0.6980779555343762,0.8273988821897326,0.6990382430887288
53,random,e874f4f15c92f300,False,3,14,0.3294779806352551,0.9625169836500025,0.4662785488731085,0.32970844079089706,0.8910317697750068,0.4521543512148409
53,random,1956d520a0f90c51,False,3,16,0.23893064482430904,0.9625171564303581,0.39503474823763673,0.23836758077419087,0.8910242622759439,0.3803138713691653
53,random,177282514b29d11e,False,3,16,0.061061277236729446,0.962517486592329,0.26163278857934624,0.05962694683315866,0.8910323888525875,0.24626002122871984
53,random,06d34c35a3180fb0,False,3,13,0.17361459861753561,0.9625170720963405,0.35104769671575314,0.17421175242327314,0.8910264827804093,0.33719744420687003
53,random,0931c231a6c520aa,False,4,16,0.5948108140521564,0.9480599219668258,0.6590534282658158,0.5942458594417268,0.8600665236027177,0.6410310326351719
53,greedy,da0d2edf2e55f0c9,False,3,14,0.1895963954668699,0.9625172604194566,0.36136741535071043,0.18894842351471233,0.8910337120364434,0.34658472670998963
53,greedy,dc7580c7f84b09bb,True,4,20,0.5564654052580933,0.9480592098685082,0.6236275625839384,0.5560411021153936,0.8600822074921344,0.6057139347516388
53,greedy,4c33b95214d7f797,False,3,14,0.43041274469514623,0.9625167867514214,0.5419795825383106,0.429638309929689,0.8910487027122644,0.5271051396563863
53,greedy,72b6112df603226e,False,3,13,0.11931939227211395,0.962517367053852,0.3103263509481892,0.11755082221992934,0.8910264617281433,0.294701742343909
53,greedy,e874f4f15c92f300,False,3,14,0.3294779806352551,0.9625169836500025,0.4662785488731085,0.32970844079089706,0.8910317697750068,0.4521543512148409
53,greedy,1956d520a0f90c51,False,3,16,0.23893064482430904,0.9625171564303581,0.39503474823763673,0.23836758077419087,0.8910242622759439,0.3803138713691653
53,greedy,177282514b29d11e,False,3,16,0.061061277236729446,0.962517486592329,0.26163278857934624,0.05962694683315866,0.8910323888525875,0.24626002122871984
53,greedy,06d34c35a3180fb0,False,3,13,0.17361459861753561,0.9625170720963405,0.35104769671575314,0.17421175242327314,0.8910264827804093,0.33719744420687003
53,greedy,a7168f3a23c0448f,False,3,13,0.05031820778138038,0.962517383677383,0.25857546590484526,0.0502834535716902,0.8910329857240302,0.24425252065690706
53,greedy,f2b32492c56b02a2,False,3,14,0.24480320355489565,0.9625171209356846,0.40277249351997535,0.2424203859548463,0.8910251968463967,0.38668699550208074
53,bads,025471ed8a10e8d9,True,4,19,0.4633382931592517,0.9480593525011152,0.5554489237029951,0.4620348774433819,0.8600949055220012,0.53687847252027
53,bads,e874f4f15c92f300,False,3,14,0.3294779806352551,0.9625169836500025,0.4662785488731085,0.32970844079089706,0.8910317697750068,0.4521543512148409
53,bads,56d1ee36482b813e,False,3,17,0.0641153722155845,0.9625172429115324,0.26225664441066154,0.0636065793197927,0.891026470588664,0.247576895274244
53,bads,177282514b29d11e,False,3,16,0.061061277236729446,0.962517486592329,0.26163278857934624,0.05962694683315866,0.8910323888525875,0.24626002122871984
67,random,230d3421ea8a48cd,False,3,14,0.1424572140880496,0.9621942037440497,0.3259484179815138,0.14361245905029196,0.8855204733803844,0.3114801056304625
67,random,1e1b6e094b46e2d0,False,3,14,0.3076015450730969,0.962193242353838,0.449806473942257,0.3065006507048162,0.8855263602394453,0.43364742674316786
67,random,ec6d5f010c31f01b,False,3,13,0.052381605811042196,0.9621924466450471,0.2600580270206244,0.051540906994414035,0.8855255893591578,0.24409413145097542
67,random,0a88ad1a423ae595,False,3,15,0.551448219488452,0.9621932542305061,0.6310248154624403,0.5507534798082478,0.8855274409547385,0.6151705980471336
67,random,0041907665a5f97b,False,5,22,0.7098528500896593,0.9381318039192099,0.7333493316844197,0.7091847210968261,0.8203927761542273,0.7093004293867983
67,random,c6c91c64dae3d471,True,5,23,0.7685085044090137,0.9381318039192099,0.775674405757269,0.7660796817390748,0.8203927761542278,0.7503049832018184
67,greedy,1c91ec39a72bb9a1,False,5,22,0.7987619754516178,0.9381318870124908,0.8000311923245448,0.7983164331751129,0.8204159594589271,0.7761538501064534
67,greedy,1710aadf96ded814,False,5,22,0.3037293634762036,0.9381320607133266,0.42875676808315133,0.30372131713442396,0.8203844593768659,0.4052012130595245
67,greedy,b4b07321b9d356a1,False,3,15,0.10362043700061536,0.9621920762471119,0.29515374299988395,0.1043393785504507,0.8855245197163515,0.28035943785610834
67,greedy,b096d154ca5c1a4c,False,5,24,0.16218092736233472,0.9381336933449779,0.3192624341907466,0.16063480747837122,0.8203380661176972,0.2945437188323179
67,greedy,16e6627f18d63644,True,5,23,0.8995031958604193,0.9381336548313135,0.8739207945282439,0.898900579601594,0.8203304244660886,0.8499081862610799
67,bads,230d3421ea8a48cd,False,3,14,0.1424572140880496,0.9621942037440497,0.3259484179815138,0.14361245905029196,0.8855204733803844,0.3114801056304625
67,bads,cb64b9d42cd8d3df,False,4,23,0.5524864166045771,0.9501795119332652,0.6160673815067526,0.5524359130348013,0.8492493777091776,0.5958434769846033
67,bads,0b97af1ce413989e,False,5,22,0.29765687463616075,0.938131152004726,0.42420221971139904,0.2960501001911554,0.8204236569872916,0.3994556398741582
67,bads,16e6627f18d63644,True,5,23,0.8995031958604193,0.9381336548313135,0.8739207945282439,0.898900579601594,0.8203304244660886,0.8499081862610799
67,bads,00ff33529082289a,False,4,19,0.2569094934496023,0.9501792696511462,0.4010513073507643,0.2559469813904042,0.8493080959341252,0.3801551885629615
79,random,1bca3fe6d8a6100d,True,5,23,0.9131730664120583,0.9391411763170466,0.8843747017391197,0.9125451458260253,0.8267467399924566,0.861424874034677
79,random,86c65e8b634a128b,False,3,14,0.32783783673125466,0.9623464454189936,0.4650143332989064,0.3277506965725779,0.8888793881023538,0.45025556671657085
79,random,2f10de9a5e90dbe2,False,5,28,0.3715007112501365,0.9391422979817803,0.4697873263672918,0.37074051758912474,0.8267228221706692,0.4467332859593108
79,random,b04f24fa23905fd2,False,3,13,0.18978953371183457,0.9623463459730852,0.3631447528118263,0.18778255867598026,0.8888876353969236,0.34694777941970323
79,greedy,ddc7667fc1487cb2,False,4,18,0.14003103771765846,0.9506894563984605,0.31516116956793594,0.13838360701475522,0.8594993119408116,0.29568756764922877
79,greedy,6efe2e7867695d4e,False,4,18,0.056798594131530496,0.9506896607916244,0.2527368777569728,0.055615938076768776,0.8594997266676554,0.23361189889110767
79,greedy,4fac8123e41b14b6,False,4,18,0.15674011904415663,0.9506890088012236,0.32769289104336224,0.15385763551306025,0.8594979515510328,0.30729281694500177
79,greedy,8fe61a4c714f364e,True,5,23,0.9713958458804952,0.9391402623647899,0.9280416035499961,0.9712905248866237,0.8267937672971821,0.9054933137910709
79,greedy,1bca3fe6d8a6100d,False,5,23,0.9131730664120583,0.9391411763170466,0.8843747017391197,0.9125451458260253,0.8267467399924566,0.861424874034677
79,greedy,447cb73e7a1b913c,False,4,19,0.07713146357215357,0.9506896248646346,0.26631985598537544,0.07666242056594351,0.859498754353516,0.24772989962849415
79,greedy,487ad96bb035ce76,False,5,26,0.5106863917878643,0.9391421435302959,0.5775098892136242,0.5098480613679436,0.826723543156689,0.5543974213239622
79,greedy,d2b48bedb086d81b,False,5,24,0.22033994173368446,0.9391414769733258,0.3630832516949285,0.21716238530761497,0.8267983779648603,0.3382314645736833
79,greedy,62ec63374fd044ce,False,5,23,0.8969915297609078,0.9391412482031019,0.8722385636279679,0.8968147318152293,0.8267469658804409,0.8496271087041769
79,greedy,597acf994736b80e,False,5,22,0.4451548454170601,0.9391399736130467,0.5350274621187378,0.4454336136510579,0.8267765827423394,0.5127638601200947
79,greedy,0c294107563dd430,False,4,18,0.016044690864978436,0.9506897374301333,0.22217146563476048,0.015269773515060368,0.8594983817855962,0.2033520064934145
79,bads,8fe61a4c714f364e,True,5,23,0.9713958458804952,0.9391402623647899,0.9280416035499961,0.9712905248866237,0.8267937672971821,0.9054933137910709
79,bads,1bca3fe6d8a6100d,False,5,23,0.9131730664120583,0.9391411763170466,0.8843747017391197,0.9125451458260253,0.8267467399924566,0.861424874034677
79,bads,86c65e8b634a128b,False,3,14,0.32783783673125466,0.9623464454189936,0.4650143332989064,0.3277506965725779,0.8888793881023538,0.45025556671657085
79,bads,62ec63374fd044ce,False,5,23,0.8969915297609078,0.9391412482031019,0.8722385636279679,0.8968147318152293,0.8267469658804409,0.8496271087041769
97,random,c2f72628d0df6e00,True,3,16,0.576671762834393,0.9640518962351778,0.6486475347061637,0.5757636215221409,0.882525579027795,0.631661165280498
97,random,ed6f918649beded7,False,3,13,0.2685507381360965,0.9640519862324486,0.4225567841818954,0.2671672236101849,0.8825489089724811,0.4052185328354682
97,random,ab9736dce79a3545,False,3,16,0.04522928493663088,0.9640524105208462,0.25006577913997574,0.044934379111525556,0.8824730722033222,0.23352873210764194
97,random,8548da13cc603e63,False,3,14,0.3022619427831265,0.9640519980497118,0.44617352336395394,0.3013512439746553,0.8825353915426373,0.4291871779561856
97,greedy,e28517451decb98f,False,3,14,0.1437113022464435,0.9640525408546657,0.32726065152243244,0.14305307497168418,0.8824684088428659,0.310450154664003
97,greedy,c2f72628d0df6e00,True,3,16,0.576671762834393,0.9640518962351778,0.6486475347061637,0.5757636215221409,0.882525579027795,0.631661165280498
97,greedy,ed6f918649beded7,False,3,13,0.2685507381360965,0.9640519862324486,0.4225567841818954,0.2671672236101849,0.8825489089724811,0.4052185328354682
97,greedy,d77e0534a31e4497,False,3,12,0.0746480575871506,0.9640519234785168,0.2787964278860663,0.0743649498671229,0.882548463988545,0.26228340519805116
97,greedy,8548da13cc603e63,False,3,14,0.3022619427831265,0.9640519980497118,0.44617352336395394,0.3013512439746553,0.8825353915426373,0.4291871779561856
97,bads,b28d5f67a3a5895b,True,5,25,0.4822069865039934,0.9406883304803729,0.558126239307403,0.47902818068666214,0.8217581332506463,0.5319560954984592
97,bads,3f7eff5777a84d12,False,3,14,0.23355730584246664,0.9640527544251042,0.3946451969335375,0.2321410705377765,0.8824323318622836,0.3772589359424558
97,bads,e23e3f5639f46533,False,5,22,0.415020181891909,0.9406902507017068,0.5127365198926064,0.41354529153600583,0.8217250185467804,0.48783730569469375
97,bads,42eb95c947fa5dc1,False,5,26,0.35521218887212097,0.9406906488187948,0.4612139380845164,0.3551688516326548,0.8217532183208055,0.43739394905531886
97,bads,3739f940b730a15d,False,5,26,0.3044825465676723,0.9406920066873787,0.4231669779298966,0.3033809052316496,0.8217287339591468,0.39854809238223327
97,bads,01472892ab103b92,False,3,12,0.04213132573626578,0.9640518614227194,0.2544088665867432,0.0418435457959648,0.8824986448753736,0.2378823883220483
97,bads,8548da13cc603e63,False,3,14,0.3022619427831265,0.9640519980497118,0.44617352336395394,0.3013512439746553,0.8825353915426373,0.4291871779561856
109,random,76dda88f975279d0,False,5,24,0.6621736234597633,0.9364601018933429,0.6939222379734911,0.661892302111638,0.8258886798088768,0.6715969625455038
109,random,5a0b67277c2e98fc,False,5,24,0.4492801988167865,0.9364631383932902,0.5342527767912479,0.44945265805831736,0.825862748948742,0.5122620433334865
109,random,e7391544e9b81e8e,False,5,23,0.8578142303743761,0.9364589570436371,0.8423191308561763,0.8569682713782272,0.8258814935840548,0.819569168917148
109,random,237b719474d05644,True,5,23,0.9331624328989984,0.9364588978361208,0.8988302709081397,0.9328130270728019,0.8258786935674998,0.8764521756847681
109,random,d6fbbb016d8b75d2,False,3,16,0.09757582897762976,0.9605064990587763,0.2886165048783109,0.09815642319582091,0.8938884757479209,0.2757283458797832
109,random,af6708b88543f38e,False,3,13,0.33184021114239526,0.9605064492208569,0.4693147815343012,0.3309562471392415,0.8939033353307249,0.4553311857539094
109,random,54f95ab15857391b,False,5,22,0.48753509895886427,0.9364583878666253,0.5662763351258066,0.48612557388557676,0.8258843393129,0.5431043816100959
109,random,78532e51ca6c1651,False,3,13,0.07028894976423627,0.9605070221995933,0.2731514500964292,0.06947000423271693,0.8938480313251458,0.2592054427729002
109,random,ddaf3d6ee1a17426,False,5,22,0.537312506575005,0.936456471207429,0.6036090075060728,0.5360885349490726,0.825868157557758,0.5805733660566894
109,random,ea1cc3759b4ec2cc,False,3,12,0.019399573443853166,0.9605062417284889,0.23665092842858765,0.019304069210535225,0.8939091862545301,0.22325988915880743
109,greedy,5a0b67277c2e98fc,False,5,24,0.4492801988167865,0.9364631383932902,0.5342527767912479,0.44945265805831736,0.825862748948742,0.5122620433334865
109,greedy,e7391544e9b81e8e,False,5,23,0.8578142303743761,0.9364589570436371,0.8423191308561763,0.8569682713782272,0.8258814935840548,0.819569168917148
109,greedy,3d4abb2921ce000f,False,5,23,0.3066077906392699,0.9364645521734375,0.4289154200808066,0.30561803343854954,0.8259015212386512,0.40606049599330907
109,greedy,8fbdaacb099f070c,False,5,23,0.7641060758021245,0.9364628131379101,0.7720387861458422,0.7622727849864013,0.82588174751888,0.7485476049102436
109,greedy,e6175db98a13a9a4,False,5,24,0.561343828824439,0.9364631017945473,0.6183004919772388,0.5596906254765094,0.8258812058059293,0.5949442102685679
109,greedy,51b4d9efdfd4e3b9,False,4,19,0.25709750774105294,0.9490305683160981,0.4009625778023427,0.2567564513373264,0.8578026232105866,0.38246119647844545
109,greedy,237b719474d05644,True,5,23,0.9331624328989984,0.9364588978361208,0.8988302709081397,0.9328130270728019,0.8258786935674998,0.8764521756847681
109,greedy,ca7c5abb82308cc9,False,5,24,0.871214055829122,0.9364594603873051,0.8507024339493026,0.8712061091561932,0.8258829827274573,0.8285811784126363
109,greedy,54f95ab15857391b,False,5,22,0.48753509895886427,0.9364583878666253,0.5662763351258066,0.48612557388557676,0.8258843393129,0.5431043816100959
109,greedy,b028d809a2e90327,False,4,18,0.05375367487266931,0.9490306855889421,0.25012139327229044,0.051696763920138486,0.8578065291073249,0.23033387876156886
109,greedy,ddaf3d6ee1a17426,False,5,22,0.537312506575005,0.936456471207429,0.6036090075060728,0.5360885349490726,0.825868157557758,0.5805733660566894
109,greedy,09ac99a6d4cf520e,False,4,18,0.14208038811607943,0.9490306496209162,0.31636642101124285,0.14079223953413192,0.8578091603468156,0.2971560117199621
109,greedy,ac260ee70a0bc6d6,False,4,16,0.15229348827459063,0.9490306496209161,0.3273595794634595,0.15010930923034255,0.8578091603468156,0.3074771473254534
109,greedy,5b2631761c1c69f8,False,5,24,0.8899536415536281,0.9364589570436371,0.8647570225739485,0.8904383617867558,0.8258814935840547,0.8430050700568779
109,bads,787ed73192436f90,False,5,21,0.5165366125142054,0.9364593615033079,0.5896943316863156,0.5146508674876817,0.8258572558578322,0.5661596017873277
109,bads,5a0b67277c2e98fc,False,5,24,0.4492801988167865,0.9364631383932902,0.5342527767912479,0.44945265805831736,0.825862748948742,0.5122620433334865
109,bads,e7391544e9b81e8e,False,5,23,0.8578142303743761,0.9364589570436371,0.8423191308561763,0.8569682713782272,0.8258814935840548,0.819569168917148
109,bads,f6c8149ec3b25dcb,False,3,14,0.1409200251611522,0.9605070237138487,0.32445809028030054,0.14054274333331593,0.8938514461238265,0.3108440133914189
109,bads,237b719474d05644,True,5,23,0.9331624328989984,0.9364588978361208,0.8988302709081397,0.9328130270728019,0.8258786935674998,0.8764521756847681
109,bads,ca7c5abb82308cc9,False,5,24,0.871214055829122,0.9364594603873051,0.8507024339493026,0.8712061091561932,0.8258829827274573,0.8285811784126363
109,bads,daa3d224df53ba20,False,3,17,0.12661432386695803,0.9605073315286543,0.30872887587261605,0.12564034084613007,0.8938996725928267,0.2946768568198295
109,bads,622a5dbef1bbfe5c,False,3,17,0.3844517586136032,0.9605065118497805,0.5021067879968253,0.38376221382234477,0.893828877781117,0.4882541025896487
109,bads,96bb21f826ca7b7a,False,5,24,0.7543078703545261,0.9364599891440155,0.7630229005946977,0.7526668301470245,0.8258788823463333,0.7396758990795351
109,bads,ac260ee70a0bc6d6,False,4,16,0.15229348827459063,0.9490306496209161,0.3273595794634595,0.15010930923034255,0.8578091603468156,0.3074771473254534
109,bads,5b2631761c1c69f8,False,5,24,0.8899536415536281,0.9364589570436371,0.8647570225739485,0.8904383617867558,0.8258814935840547,0.8430050700568779
127,random,98f7bf5a6a0cd0c5,True,5,23,0.8900730024025154,0.9352368966929839,0.86626879780715,0.8893584630116167,0.8160295190264757,0.8418914177306744
127,random,e00c00ab30a95014,False,3,14,0.1890232308420026,0.9590383034072418,0.360241750479617,0.18693109376238737,0.8845373642953915,0.3437724598475355
127,random,81f172ced3607fe0,False,3,16,0.35682545096229035,0.9590383675397939,0.4827600950630099,0.35378036851045425,0.8845632133820573,0.4655812523925855
127,random,fbe76dbe52e557b1,False,3,15,0.31475806510925636,0.9590385150241123,0.4528762518367648,0.31384180014666985,0.8845272862167781,0.437286807353358
127,random,f1147248651d73a2,False,5,25,0.4435087428589527,0.9352376374972821,0.5280124179770043,0.44138851877147456,0.8160227840429204,0.5025792792205234
127,random,7ed225bd3421ea97,False,3,14,0.28078313517113207,0.9590383034072416,0.42906167872646406,0.27872403855016464,0.8845373642953915,0.4126171684383685
127,random,c7932fce445eb9b9,False,3,13,0.08174574606305604,0.9590383034072415,0.2814503035620737,0.08091259015314335,0.8845373642953918,0.2659252488072692
127,greedy,98f7bf5a6a0cd0c5,False,5,23,0.8900730024025154,0.9352368966929839,0.86626879780715,0.8893584630116167,0.8160295190264757,0.8418914177306744
127,greedy,ece83539ec613618,False,4,18,0.051251846452412604,0.9459031911231155,0.2476195230639326,0.050090128451706746,0.8534487333048583,0.22825734299975176
127,greedy,df22f66e55b3b0fd,True,5,23,0.9999884696320908,0.9352368898595725,0.9487053968626493,0.9997679868124857,0.8160351745323283,0.9246996916824967
127,greedy,abb50d9041839626,False,5,23,0.8702328503176192,0.9352371553086796,0.8513887354666171,0.8689875178994717,0.8160551481521738,0.8266183347217053
127,greedy,e1cce0efde4d70e3,False,5,24,0.9714369056382207,0.9352368898595727,0.9256250572005801,0.9712726926885553,0.8160351745323283,0.9016615544228822
127,greedy,6db9e66195c809cf,False,3,13,0.03856374553202511,0.9590380157874723,0.24906374563984662,0.037619528161311144,0.8845331856090966,0.23345461657613598
127,greedy,b2e44187f291ab5d,False,5,23,0.7218961620723489,0.9352373491033267,0.7401362580415937,0.7210052733832386,0.8160532431928318,0.715631270342662
127,greedy,626aa6560ce08300,False,5,23,0.9693663352822774,0.9352368911263027,0.9257387963536353,0.9689755735001521,0.8160318400300475,0.9016047147977903
127,greedy,f9e822edb137dd70,False,5,22,0.771007525728164,0.9352371390204202,0.7786364054335403,0.771178478428731,0.8160478150328822,0.7549267551614579
127,greedy,f1147248651d73a2,False,5,25,0.4435087428589527,0.9352376374972821,0.5280124179770043,0.44138851877147456,0.8160227840429204,0.5025792792205234
127,greedy,1eae3b0e4ecbde09,False,4,21,0.09427935403904358,0.9459045600392153,0.2748904275371258,0.09626060490910074,0.8534448186745569,0.25788441741673696
127,greedy,2726822e6eb9aa54,False,4,19,0.11279848718918702,0.9459031911231155,0.2921128369498467,0.11143822152489544,0.8534487333048582,0.2726017461379765
127,bads,98f7bf5a6a0cd0c5,False,5,23,0.8900730024025154,0.9352368966929839,0.86626879780715,0.8893584630116167,0.8160295190264757,0.8418914177306744
127,bads,df22f66e55b3b0fd,True,5,23,0.9999884696320908,0.9352368898595725,0.9487053968626493,0.9997679868124857,0.8160351745323283,0.9246996916824967
127,bads,8e9721e915803eb8,False,3,15,0.10986564105833405,0.9590383371166096,0.29920689821707247,0.10875309777792533,0.8845622809024245,0.2834772795139289
127,bads,e1cce0efde4d70e3,False,5,24,0.9714369056382207,0.9352368898595727,0.9256250572005801,0.9712726926885553,0.8160351745323283,0.9016615544228822
127,bads,384d8a83748d0820,False,5,26,0.8611004327285293,0.9352369313812496,0.8395393774893136,0.8598523033709115,0.8160284205984074,0.8147615783145318
127,bads,6db9e66195c809cf,False,3,13,0.03856374553202511,0.9590380157874723,0.24906374563984662,0.037619528161311144,0.8845331856090966,0.23345461657613598
127,bads,7e13c41f6bc48e24,False,5,23,0.6999202372793419,0.9352371130445241,0.723654267235078,0.6994055617127581,0.8160491616605472,0.6994306702833448
127,bads,626aa6560ce08300,False,5,23,0.9693663352822774,0.9352368911263027,0.9257387963536353,0.9689755735001521,0.8160318400300475,0.9016047147977903
127,bads,b7763d8dbe0ba218,False,4,19,0.18028626316951937,0.9459039168795622,0.34272881408638534,0.18028613345268582,0.853466571199927,0.3242412476628331
127,bads,f1147248651d73a2,False,5,25,0.4435087428589527,0.9352376374972821,0.5280124179770043,0.44138851877147456,0.8160227840429204,0.5025792792205234
149,random,a7bdac846448a054,False,3,17,0.29341116858793587,0.9639943792372827,0.4345239189550751,0.2917089416619336,0.8937907464083137,0.41920652219477966
149,random,23cb4c02664f4e82,False,5,24,0.4883943034147055,0.9396633824062712,0.5642284040422834,0.4866461015108941,0.8280652345167375,0.5405976230365181
149,random,84e3aae0620b5cbf,False,3,16,0.1531822048345011,0.9639970246400604,0.33101939188722124,0.1528544300307051,0.8937900442503004,0.31673216470642224
149,random,8da8455e95daa6b6,False,3,13,0.34863005995102153,0.963994339457979,0.48260474618819527,0.3480347504174085,0.8937917484025536,0.46811774582690047
149,random,bdf3901e80327f82,True,5,23,0.965855273070891,0.939663288585475,0.92399077918693,0.9653244825693814,0.8279489415635582,0.9012498169064144
149,random,6f7c9edb9a39c31a,False,5,22,0.8900573703603502,0.9396632895019642,0.8688090190039888,0.8896543568112267,0.827949797295849,0.8461640604009232
149,random,cd48e2c0db844cb9,False,5,21,0.3973147783880322,0.9396609324137094,0.500918270273766,0.3972961717065468,0.8279525948920219,0.4785626477583145
149,random,bb8a220984487c39,False,3,14,0.0054165321350725035,0.963995287456252,0.22352812325922145,0.005304016651944554,0.8937892645200131,0.2094025320596277
149,greedy,a7bdac846448a054,False,3,17,0.29341116858793587,0.9639943792372827,0.4345239189550751,0.2917089416619336,0.8937907464083137,0.41920652219477966
149,greedy,8344c6c1c799fef0,False,3,14,0.14528838528976118,0.9639948039141628,0.3284319164168201,0.14536523538632462,0.8937843548234181,0.31444746417109376
149,greedy,84e3aae0620b5cbf,False,3,16,0.1531822048345011,0.9639970246400604,0.33101939188722124,0.1528544300307051,0.8937900442503004,0.31673216470642224
149,greedy,a75631220e4efca9,False,3,16,0.27729830192489313,0.9639944385667532,0.4241059474903538,0.27703148888334095,0.893797233768961,0.4098663967496312
149,greedy,7e6f507345e076ed,False,3,17,0.23742122769679286,0.9639948916822759,0.3925315657757165,0.23866845754781926,0.8937859578129843,0.379425201390128
149,greedy,0d835d771fd2b069,False,3,13,0.49808377074872606,0.9639943624948881,0.5946950338938555,0.49672623561184126,0.893791168129695,0.5796362436681533
149,greedy,43dfa8bdef55ce37,False,3,13,0.13007752045199544,0.9639955953265937,0.31869059273764866,0.1299342684921903,0.8938029019374578,0.3045446150899676
149,greedy,8e4384388aa322db,True,3,15,0.625143307840624,0.963994339457979,0.6866563487720638,0.6248372600786588,0.8937917484025535,0.6723862947395048
149,bads,96c76a7ba7960455,True,5,24,0.5719556225145506,0.9396598561035163,0.6268986881066162,0.5708400913301515,0.8278868474086669,0.603707437979347
149,bads,a7bdac846448a054,False,3,17,0.29341116858793587,0.9639943792372827,0.4345239189550751,0.2917089416619336,0.8937907464083137,0.41920652219477966
149,bads,654a8abe70f77dd8,False,5,23,0.4836359905152668,0.9396657093391745,0.5623268014209517,0.4830132488488015,0.828060879378651,0.5395387791789981
149,bads,5ac14e65e71b1ebe,False,3,12,0.1147444373635034,0.9639948250053454,0.3088572930236967,0.11366896457740791,0.8938217449098584,0.2940160724150276
149,bads,ef24771c22ed3f4e,False,5,23,0.480452791981706,0.9396659394948487,0.5599394485519159,0.4791942304168534,0.8279873505172594,0.5366598095827586
149,bads,2bafd162c40ea101,False,3,15,0.11043305709053555,0.9639950286752509,0.30062379855295185,0.10971605937822307,0.8937887011230516,0.28604478475827766
167,random,9499b562a4199600,True,5,24,0.8900415799052825,0.9388586877784822,0.8653029224846583,0.8893461462686134,0.8275694402172789,0.8425234977449159
167,random,9db6ed1b15b51dff,False,3,15,0.11392331399875985,0.9615829318106807,0.30275907186120604,0.11404612602084928,0.8905979227880991,0.2886541790732568
167,random,ea32347b3f383ac7,False,3,16,0.41164596386392865,0.9615837763061676,0.5243845614925133,0.4097049785210116,0.8905998393892114,0.5087320351019343
167,random,37c5fd7eb036ecf7,False,3,13,0.07924047465562833,0.9615827320071366,0.2800802357264819,0.07963379265959455,0.8905986067616722,0.2661783991803637
167,random,255220002a3db371,False,3,15,0.08078473447865707,0.9615833247920789,0.2779052158174086,0.0803650462096332,0.8905987149086272,0.26339352763895035
167,random,6f89cae8a3c00557,False,5,21,0.796789393318881,0.9388592495044923,0.8003638948900592,0.7964662175252207,0.8276139540266942,0.7778724539492544
167,greedy,7e1168c81a5d1d37,False,4,19,0.07316291215288359,0.9504075892660407,0.2632870353012042,0.07323643412469025,0.8581504802355346,0.24489075497395796
167,greedy,036416f437b6a0bf,False,4,18,0.06607021957096776,0.9504071423352982,0.2596340931452855,0.06552043648261112,0.8581232821999395,0.24076498380194628
167,greedy,5a5cd15ecce5db02,True,5,23,0.9867296945596719,0.9388583131615478,0.9394856002187302,0.9865028376565365,0.8275774926604473,0.9170592934411586
167,greedy,a3de88d2ded65a99,False,5,23,0.8305510659693065,0.9388593878642078,0.8223518437164882,0.8300384237312217,0.8276309941110069,0.7997216832872844
167,greedy,4d036383b6c2dded,False,5,20,0.4361983197865078,0.9388587820826834,0.5315871629230843,0.4334457418430855,0.827671843416082,0.5072853417321972
167,greedy,72830e932fc18664,False,5,24,0.4062380121226651,0.9388594025476105,0.5024503896015209,0.4068257662910224,0.8276454064086008,0.480648405999987
167,greedy,a38b5dd60835b5d0,False,5,25,0.5332836676724402,0.9388595198099327,0.59606798804965,0.5320155144373853,0.8276415760751714,0.5728732843764066
167,greedy,2ff3e326dc0a5d60,False,4,18,0.05121436414534879,0.9504071423352984,0.24849220157607127,0.05029243714616198,0.8581232821999395,0.2293439842996094
167,greedy,126af7f708c0baca,False,4,19,0.06549775063475462,0.9504078084780956,0.2575382080050184,0.06477670750098895,0.8580897528980667,0.2385338145386884
167,greedy,925644d1d7ff8111,False,4,18,0.030763101455207748,0.9504072388148097,0.23315377385436775,0.02949231718318987,0.8581255976284121,0.21374435741307485
167,greedy,6e086869ddbeb962,False,5,25,0.5073604501011346,0.9388602488183949,0.5766257206728633,0.5066374228286997,0.8276402215969425,0.5538394447742466
167,greedy,6f89cae8a3c00557,False,5,21,0.796789393318881,0.9388592495044923,0.8003638948900592,0.7964662175252207,0.8276139540266942,0.7778724539492544
167,greedy,1aeb98b3d728e4ae,False,5,23,0.9431069591168156,0.938859344750515,0.9067687549543815,0.9426478632934672,0.8276359768293047,0.8841797595026281
167,greedy,842ea64b0a24eeae,False,4,21,0.14677888806865488,0.9504078130566975,0.31516572866283066,0.14624685329061346,0.8581435165647538,0.29631384328091087
167,greedy,ef42d5ef6e1f4fa4,False,5,24,0.9628958016658892,0.9388587138719374,0.9199435940238043,0.9628785353841048,0.8275866379902437,0.8976762291361273
167,bads,7e1168c81a5d1d37,False,4,19,0.07316291215288359,0.9504075892660407,0.2632870353012042,0.07323643412469025,0.8581504802355346,0.24489075497395796
167,bads,5a5cd15ecce5db02,True,5,23,0.9867296945596719,0.9388583131615478,0.9394856002187302,0.9865028376565365,0.8275774926604473,0.9170592934411586
167,bads,4d036383b6c2dded,False,5,20,0.4361983197865078,0.9388587820826834,0.5315871629230843,0.4334457418430855,0.827671843416082,0.5072853417321972
167,bads,211f23bcda9556af,False,4,20,0.022732389175253366,0.9504078302196125,0.2237975245920292,0.02265772147998302,0.8581472817448802,0.20528941412562998
167,bads,126af7f708c0baca,False,4,19,0.06549775063475462,0.9504078084780956,0.2575382080050184,0.06477670750098895,0.8580897528980667,0.2385338145386884
167,bads,1382c9a14a03a217,False,4,22,0.1761621804717649,0.9504082513637668,0.3355366189599104,0.17685778210502667,0.8581824384110593,0.3176131575943152
167,bads,b33b132675996ed1,False,5,24,0.20245837489457774,0.938860154994098,0.3496158121697529,0.20013797468219913,0.8275928432371777,0.3256220496590849
167,bads,6f89cae8a3c00557,False,5,21,0.796789393318881,0.9388592495044923,0.8003638948900592,0.7964662175252207,0.8276139540266942,0.7778724539492544
167,bads,1aeb98b3d728e4ae,False,5,23,0.9431069591168156,0.938859344750515,0.9067687549543815,0.9426478632934672,0.8276359768293047,0.8841797595026281
167,bads,dfb3f15217fe8211,False,5,26,0.19981338307947175,0.9388602917684462,0.34429876232995976,0.19962807654682316,0.8274921373548813,0.3218861515477603
167,bads,842ea64b0a24eeae,False,4,21,0.14677888806865488,0.9504078130566975,0.31516572866283066,0.14624685329061346,0.8581435165647538,0.29631384328091087
167,bads,ef42d5ef6e1f4fa4,False,5,24,0.9628958016658892,0.9388587138719374,0.9199435940238043,0.9628785353841048,0.8275866379902437,0.8976762291361273
167,bads,d9363bb54c57f488,False,5,24,0.4807523211213573,0.9388599148582755,0.558336223812673,0.478956998310624,0.8276092129553871,0.5347395913240454
181,random,c46b64f51ceaee27,False,3,13,0.10542274338040285,0.9620102957573741,0.2998024500201103,0.10401157420524941,0.8838369708379966,0.28310940815486973
181,random,17aa8fe91447b32f,False,3,17,0.1924315542507356,0.9620108596176735,0.3583925042782531,0.19271842212624862,0.8838489201425923,0.34297526728987165
181,random,7edc556dc93df538,False,5,25,0.5050292228537547,0.9385152154879133,0.574808293571232,0.504259154023176,0.8224109322706037,0.5510098853048361
181,random,b012a6ee3ec504ed,False,4,22,0.2749790150329633,0.9503499684357958,0.4096375882952149,0.2713862493561092,0.8562040058771091,0.38811382152583707
181,random,f2028c55d6315d52,False,3,15,0.1638467481375938,0.9620118088429477,0.34028742287178493,0.16304280404475385,0.8838072144367316,0.3240435459209117
181,random,ac299a56bc7f8a32,False,3,13,0.1463410312801099,0.962009891613374,0.33049108511609054,0.14431058124385143,0.8838373965531131,0.31333374857684454
181,random,37d805755efb0a8e,True,5,23,0.9893166856521148,0.9385124638686646,0.9413566736794858,0.9890477356318355,0.8223031672633434,0.917913101843212
181,random,0cec4cbfd65c9638,False,5,24,0.854785090163023,0.938514626331423,0.8387917428885519,0.8546103107044326,0.8224239871207916,0.8154425304524828
181,random,64ce8f2da68205ea,False,3,13,0.17337459865554078,0.9620089538757516,0.3507660731001392,0.17399800445333352,0.8837876337594845,0.3355893634252304
181,random,0f9a5e2d03dd9a99,False,5,23,0.9714358819715528,0.9385124803780419,0.9279460742209398,0.9712301642350668,0.8223033769678456,0.904549965236536
181,random,32885f661dcc0b2f,False,5,22,0.8219046311849042,0.938512436068728,0.817464293935757,0.821415627847897,0.8223346928826483,0.7938619927957856
181,greedy,674e0ea99b9f2cd5,False,4,19,0.17941030673468594,0.9503545497844079,0.34296197334122935,0.17795159948272207,0.8563340570319251,0.3230638443517599
181,greedy,6274de50a44e4108,False,3,13,0.06979536389154126,0.9620101830567906,0.2730818928633474,0.06889962639189523,0.8837863389711191,0.2567653209214786
181,greedy,8c51e26f177a095a,False,5,21,0.3480429776304538,0.9385156374019684,0.463735360703234,0.3458055538237967,0.822444207946298,0.4388430069571071
181,greedy,1f422a4e43100c44,False,5,23,0.9252863376239261,0.9385129667986942,0.8933340132443501,0.9250410243297109,0.8223089445210673,0.8699092238181634
181,greedy,6fddead50ead4098,False,5,23,0.7996681817572033,0.9385131276845189,0.7991204285214729,0.7977475177037148,0.8223304480189098,0.7744433945482347
181,greedy,ac299a56bc7f8a32,False,3,13,0.1463410312801099,0.962009891613374,0.33049108511609054,0.14431058124385143,0.8838373965531131,0.31333374857684454
181,greedy,8b01c1fdeaae69c7,False,5,22,0.650777181780657,0.9385148225163966,0.6891191841721055,0.6508334208053932,0.8224361486623564,0.6659456286698495
181,greedy,37d805755efb0a8e,True,5,23,0.9893166856521148,0.9385124638686646,0.9413566736794858,0.9890477356318355,0.8223031672633434,0.917913101843212
181,greedy,0cec4cbfd65c9638,False,5,24,0.854785090163023,0.938514626331423,0.8387917428885519,0.8546103107044326,0.8224239871207916,0.8154425304524828
181,greedy,0f9a5e2d03dd9a99,False,5,23,0.9714358819715528,0.9385124803780419,0.9279460742209398,0.9712301642350668,0.8223033769678456,0.904549965236536
181,greedy,32885f661dcc0b2f,False,5,22,0.8219046311849042,0.938512436068728,0.817464293935757,0.821415627847897,0.8223346928826483,0.7938619927957856
181,bads,674e0ea99b9f2cd5,False,4,19,0.17941030673468594,0.9503545497844079,0.34296197334122935,0.17795159948272207,0.8563340570319251,0.3230638443517599
181,bads,8254d219c9912cb9,False,5,23,0.4837010237228424,0.9385143075181983,0.5621452959624382,0.48150696120249464,0.8224113542438917,0.537279158417316
181,bads,fcab86e8b7e77878,False,5,23,0.6289881466853833,0.9385126486992967,0.6711103064205635,0.6277792537907294,0.8223038127425415,0.6469618695582221
181,bads,6274de50a44e4108,False,3,13,0.06979536389154126,0.9620101830567906,0.2730818928633474,0.06889962639189523,0.8837863389711191,0.2567653209214786
181,bads,cca3746ce0129e3a,True,5,24,0.7099057260903847,0.9385115063885803,0.7301315958455046,0.7093409769168917,0.8222509477202865,0.7064559222317262
181,bads,e925eb7ea90054e9,False,4,17,0.39806350885137426,0.9503497722676466,0.5102842527587268,0.3967024504043946,0.8562321888502842,0.49043994224001947
181,bads,ac299a56bc7f8a32,False,3,13,0.1463410312801099,0.962009891613374,0.33049108511609054,0.14431058124385143,0.8838373965531131,0.31333374857684454
181,bads,bc7faf8bf73d0eb3,False,4,18,0.17279972515445402,0.950352950311897,0.33967038392821997,0.1711593178262295,0.8562858720546793,0.31962666278060803
